Id	ProductId	UserId	Score	Text	predicted_label
199	B0028C44Z0	A3U94LRA4I8YAL	5	These mints are really strong and have a great taste. They are also a convenient size to carry in a pocket or purse.	5
200	B0028C44Z0	A1WTXY4MW3YDF2	5	This is a huge supply of them. I'm still working on these and have plenty to spare. Much more effective than buying one from the grocery store or 7-11 every time you want a mint.	5
201	B0028C44Z0	A1UF2VN3O50NGW	2	Even with small containers, they don't fill them up.  These little tins are less than half filled and at the price charged it seems a rip-off. Is there some exotic ingredient as costly as gold contained in those tiny squares?  Or how about the cereal ploy, they were filled at the factory but settled in transport.<br />Can manufacturers be honest in their dealings?	5
202	B0028C44Z0	A3VAYCK681VZZO	5	I love, and use the empty containers for medicine/advil in my purse, desk, suitcase. Also line with felt to keep earrings. Perfect little size to disguise small valuables when traveling and LOVE the mints. Tiny and powerful without burning my mouth.	5
203	B0028C44Z0	A3TIC20I6XI297	5	Received as shown. My mother in law likes these and Walgreens quit carrying them. It was great i could get them on Amazon.	5
204	B0028C44Z0	A2Q8F5N7HQXWDW	4	I keep a case of these in my office and always have at least a tin or two on my desk for visitors to help themselves to. Some folks stop by just to grab some mints and others pop them like candy while we meet. When I find someone who keeps coming back for more I just give them their own tin! One co-worker asked me to save the tins for her so she could use them as pillboxes and safety pin boxes. Like I said, theyre a real hit. Since I wouldn't be able to keep my hands off a candy dish, this is a good alternative to have around and it's nice to have them around if I have garlic for lunch! I gave the item 4 stars because they aren't as tasty as the sugar version of the mints  but what sugar free item is as good as it's full sugar counterpart?) and because of the fact that each tin is wrapped in plastic which seems like a waste and is irritating to remove (although I totally get why they wrap it - it still doesn't make it easy to deal with).	5
205	B0028C44Z0	A2RMYCQIST622H	5	The tiny Altoids are great for a quick breath freshening and the small box is great for portability. It's full, but compact.<br /><br />I haven't run out yet, and probably won't for a couple months, but I can't wait to buy it again.	5
206	B0028C44Z0	A27D5IRAIGLOG5	5	I loved these Wintergreen Altoid Smalls so much, I had to come write a review. The packaging is small for convenience, and the Altoids are smaller as well with a square shape, blue hue, and even more delicious taste in my opinion. I definitely prefer them over the regular-size Altoids and will continue purchasing them! Highly recommended!	5
207	B0028C44Z0	A5F7YR0G7H9HR	5	Fresh scent and taste. Easy to eat one tin in few hours. I use them as favors and everyone loved them.	5
208	B0028C44Z0	A2E0MNOYZI00VW	5	"Hard to find the wintergreen smalls [sugar free] as stores only have the red smalls [peppermint --such a common flavor]. The wintergreen is refreshing and absolutely delicious. Driving cross country, if someone cuts me off, I turn to my daughter with my hand out and say ""Wintergreen Me!"" She pulls one out, puts it in my hand, and all is right with the world."	5
209	B0028C44Z0	A3BJ9NS09YGQT5	1	To me, these are nothing like the regular Altoids and are not breath mints. They are pleasant-tasting little candies in a cute convenient tin, and that's as far as it goes. The mintiness is just not strong, and the wintergreens are definitely weaker than the peppermint minis. I'm not a dragon-breath person, but still, one of these mints is too small to have any effect on my breath. Four or five will freshen my breath for a short while - maybe 15 minutes. At this point, I think the Icebreakers Frost mints are the best as sugar free breath mints.	5
210	B0009XLVGA	A3S84SEN2Z6DZU	5	we have fed our cats a lot of stuff. These 2 boy cats are not picky eaters. They loved the Purina. They loved the Nutro. They loved the Iams. They love whatever we feed them.<br /><br />This review is based on what we, their affectionate owners love. After a certain age, we were instructed by the vet to consider senior foods- and lower carb foods, because the catties were fatties. We tried a few types of food. Some evinced no change. Some made the litter super-stink.  Some had too small a kibble and the cats barfed it up because they didn't have to chew it to swallow it...<br /><br />This Felidae has done the trick. No problems to speak of. It is consistent in the litter and bearable on the nose. The cats love it. The kibble is sized appropriate to chewing. And here's the kicker:<br />After feeding the cats Felidae, their demeanor improved. Their coats are super soft and lush- both are new improvements we can directly attribute to this food. We're now loyal Felidae consumers.<br /><br />Additionally, the absence of corn product in the feed seems to lessen or remove the reactions of our friends with cat-allergies.	5
211	B0009XLVGA	A2U3Z5S70AE80V	5	I started my cat on Felidae Platinum about 3 weeks ago and she loves it. She's an older cat, somewhat overweight, and had a grouchy temperament. I first mixed it with her previous food and she figured out which was which -- she ate the Felidae and left the old food! She's now been on just the Felidae for about ten days now, off the old food entirely, and she is a much sweeter, happier cat. I think it must agree with her better or be more easily digested, or something. In any case, I am a happy purchaser of Felidae. I don't agree with the previous reviewer that cats don't like it. Clearly, mine does.	5
212	B0009XLVGA	ATHUN0PJ0MG0P	5	"We have three cats, the youngest is about eleven years old, another is fifteen and our oldest is, well ancient.  That is what the vet told us ten years ago.  The youngest is a blob.  When he lays down, he looks like a footstool. The other two are arthritic and skinny.<br /><br />Since we had such success with Canidae Platinum for senior dogs, I figured that we'd give it a try for our cats.  I'd had them on low ash Purina One Urinary tract formula for their entire lives and thankfully we had no UT problems.<br /><br />Buster, the youngest, is still a blob after six months plus on Felidae for Senior and Overweight cats.  However, the other two are now much more active and we can tell that they are really ""feeling better"" since we changed their food to Felidae.  Even Prissy, the ancient one has started to play and tease the dogs by getting them to chase her, where before when she was on Purina One, all she wanted to do was to sleep.<br /><br />I think that if you can get your cat on this fairly early in their weight problems, it'll be more effective.<br /><br />However, the glucosamine will certainly help your older fur balls have a happier life."	5
213	B0009XLVGA	A2LWOW7SO2QPML	2	Too much of a good thing? We worked this kibble in over time, slowly shifting the percentage of Felidae to national junk-food brand until the bowl was all natural. By this time, the cats couldn't keep it in or down. What a mess. We've moved on.	5
214	B0009XLVGA	A1NHQNQ3TVXTZF	1	"As with canidae, Felidae has also changed their formula.  Cats do not like change when it comes to their food.  And they just had to change it without putting it on their label.  We noticed the color of the food had changed and so did the smell.  (As you will notice I have also reviewd the Canidae, and this all happened the same time the dogs were having issues.)<br /><br />Prior to the change in food we had almost lost two of our cats because we had moved to a new home.  If cats get ""upset"" because of a change in enviorment, or a loud noise they can stop eating.  It depends on the cat.  Two of them had stopped eating and had lost a lot of weight.  We took them to the vet and it took months to get them back to normal.  It has been a year since then and they are better.  Then the formula for this food changed.<br /><br />We started to noitce they were not eating as much and it started to bug us.  We asked the shop owner of the feed store and she had no knowledge of any change to the food.  It wasn't until the we were in there with other customers yelling about their dogs food making their dogs sick.  Right away we changed the cats food and they started chowing down and haven't suffered one bit like our dogs have.<br /><br />Cats are sensitve animals and changes to thier food could cause them to stop eating.  Anyone thinking of purchasing this food should not do it!  We have 5 rescued and fixed cats, none of which are picky eaters and the change in this formula could have been the death of them had we not found out about the change in their formula.<br /><br />I urge anyone that has had these problems to go to the consumer affairs website and also the FDA website and write a letter to them to let them know how this has affected your animal.  As with canidae they do not care how the change has affected my animals, and tell me not to buy it.  This is just horrible!"	3
215	B002TDK0VK	A3FU8FVBZ8ZODD	4	Don't buy just a few of these!  I order these by the case.  I can't even remember the first time I tasted an anchovy stuffed olive but I have tried several of the brands online and this brand is my favorite.	5
216	B002TDK0VK	A24HJWXL3LHULM	5	I order these olives a lot. They are un-like any other olives out there. The subtle flavors of the brine go great with cheeses. One of my favorite appetizer treats for guests.	5
217	B002TDK0VK	A3GRP8QRFGDH8T	1	Hey, the description says 360 grams - that is roughly 13 ounces at under $4.00 per can. No way - that is the approximate price for a 100 gram can.	5
218	B0040WAG7Q	A19SDJ2TSSL8HI	3	My husband and I are both kind of wimpy when it comes to hot things and this seasoning is just a bit too spicy for us. It definitely makes you sweat a bit when you're eating it. It was still edible to us by adding a good sized dollop of sour cream but I don't think I would buy it again due to the heat. We prefer the milder McCormick's brand of Fajita mix. I've also had fajitas in a couple of different restaurants and it wasn't as spicy as this mix is.<br /><br />If you like super spicy then this is not burning hot so you might want to keep that in mind. To me it was more than medium hot but not by too much.<br /><br />I gave it three stars because it was pretty easy to make and it's versatile in that you could vary the veggies you put in it. You take a plastic bag, a couple of tbs of vegetable oil, 1/4 cup water and mix the seasoning, water and oil together then add the chicken strips to the bag and let it marinate for 5 minutes. In the meantime, it says to stir fry your veggies (peppers and onion) but I found it easier to just cook the chicken and veggies together and I don't think it affected quality or taste. I also used extra virgin olive oil rather than vegetable oil.<br /><br />I have one more package of this to use and next time I'm going to add more veggies and maybe some chopped tomato to cut the heat a bit more.	5
219	B001EO5ZMO	AW497M5SEXAPQ	5	A friend who'd been drinking tea for 80 of his 84 years introduced me to this tea a few months ago. Even took me over to the store and bought me a pound. At $7/lb. in a retail store or a little over $9 with shipping from an online merchant, I think it's great. I've been drinking Earl Grey, English Breakfast, Irish Breakfast, Lapsang Souchong, Assam, etc. Most of them were over $30/lb. with shipping. Aside from the Lapsang Souchong, I think this is a great replacement for all the rest. Has everything I'm looking for in a strong, full-bodied black tea with enough character to keep it from becoming boring. My current favorite afternoon tea. Unless you're extremely jaded or a tea snob, you'll love it.	5
220	B001EO5ZMO	A3KQ1480MHXXCW	5	I love strong, full bodied quality tea and typically drink assam, irish breakfast or early grey tea, but as the other reviewer noted the price per pound can be discouraging. So I have been searching for a quality full bodied tea that wasn't bitter at a more palatable price point, and this certainly fits the bill. And unlike some other teas where they tend to be better in one form or another, i.e. iced vs. hot, this tea is excellent in both forms. I would certainly recommend this to anyone who prefers that smooth full bodied quality tea that doesn't cost an arm and leg.	5
221	B001EO5ZMO	A8D27L5Q5BLRC	5	"I drink this tea plain (without sugar or milk), and it has a pleasant aroma.<br /><br />The price from Amazon is cheaper than my local grocery store.  One reviewer is right, I think it has some herbal smell to make up the aroma.  So the label ""Imperial Blend"" kind of implied the herb.<br /><br />I am not exactly a black tea drinker, so this tea is a surprise, and affordable too.  I usually prefer White Chinese tea, like White Peony, but it is more expensive, and requires lower temperature water.  But this is black tea, and this aroma kind of remind me the 'softness' of white tea."	5
222	B001EO5ZMO	A1C5SHU81SRARN	5	I've tried a variety of Ahmad tea. Not because I particularly like this brand, but they are just easier to come across.  The Imperial blend, I believe, is the most complex yet well balanced of all the ones I've tried. It's full body like a good cup of Assam, which by no means overpower the delightful, clean taste of Darjeerling, complete with a long lasting note of bergamot. I enjoy it best in the evening. It gives a satisfying and relaxing finish to a busy day.<br /><br />For those interested in the specifics: I use about 3 teaspoons of lose tea in a stainless steel infuser in a 16 oz mug, let it steep in 208F water for 2-3 min, take the infuser out, and drink it without sugar or milk to savor its sophistication.	5
223	B001EO5ZMO	A3JP1UJAF8YY0F	5	I have tried literally dozens of teas since being introduced to the Russian custom of preparing and drinking tea, and the Ahmad Imperial blend is probably my favorite of all of these due to the fact that it is equally delicious hot or iced.  I buy the three-packs as needed from Amazon and go through them rapidly. My family loves it and my friends have it in their homes now too, try one box of it and you will love it too.	5
224	B001EO5ZMO	A8XEEORIXJNZL	5	This is an excellent tea.  One of the best I have ever had.  It is especially great when you prepare it with a samovar.	5
225	B001EO5ZMO	A3A4GAPXRX5SHM	2	Herbal additives in this blend destroy real tea taste. It is only for people who like herbal taste. I don't.	5
226	B001SATU8E	A1CR1DS15Z7XO1	4	Makes a tasty, super easy meal, fast. BUT high in calories.<br /><br />The instructions say to saute the veggies first but I recommend cooking the chicken first. The chicken takes longer to cook and the raw chicken ontop of veggies just makes a slimy mess. I made it with snow peas and carrots only. I dont like the little corn.  Added some red pepper flakes for heat and served ontop of rice.  It came out wonderful! Dinner on the table in less than 30mins.	5
227	B007JFV6RK	A2WQBT7RS1HSSU	5	I think I have tried just about every Bloody Mary mixer on the market at one time or the other.  Most have too much sugar or worst, corn syrup.  This mixer is all natural ingredients and very tasty. It does have a little kick. Enjoy.	5
228	B007JFV6RK	A3LCMQ815MBJW9	5	Might be a little spicy for some, but this stuff rocks. I use 1/2 and1/2 with V8 for a milder version , or the best is a Bloody Caesar!<br />Half mix ,half clamato!	5
229	B007JFV6RK	A2UC5JUVHIF80L	5	Took me one or two to get used to the pickle taste.  But now aim hooked and have to keep a bottle on hand	5
230	B001L4ELRW	A1AK335P17JXL0	1	This candy is not as described. The middle is almost hard it is not a silky or smooth filling as described.<br />Looks and tastes like it's way past it's expiration date.<br />Would never reccommend this. Paid a good chunk of cash for nothing	5
231	B003SO503C	A2ODZ3CH8PMYTL	5	I started drinking the power slim tea when I was on the HCG diet to help curb cravings. Since I liked it so well, I tried some of the others and I am now hooked!  They are so satisfying that I drink them all the time.  The Energy gives you that extra pick-me-up in the afternoons that helps keep me going all day, no matter how long.	5
232	B003SO503C	A3OXRFCJI67IMN	5	I'm trying several of the Wu Yi teas. I like this one particularly because of the subtle citrus taste. It also has a natural sweetness.<br /><br />The ingredients include Organic Wu-Li Cliff Oolong Tea (700 mg), Organic Black Tea (600 mg), Organic Green Tea Extract (100 mg), Proprietary blend (600 mg), plus some Ginseng (panax), Orange Peel, Lemon Grass, and Guarana. Other Ingredients: Natual Orange and Citrus flavors.<br /><br />My goal is to drink more tea and less coffee. I am enjoying trying a different kind of tea every day. I'll be coming back to this one.	5
233	B003ZFXJDW	A2HL6876LDPJIM	5	i cannot live without this citron falksalt, it is wonderful on watermelon, fish, almost any food requiring salt and in my world it all does.  just try it on red juicy watermelon, wonderful experience.	5
234	B003ZFXJDW	A2KPPGFMPD20M6	1	Terrible! Artificial lemon taste, like Pledge Lemon Furniture Polish. Don't do this to yourself. Just use plain flake salt and some fresh grated lemon zest.	5
235	B003ZFXJDW	AJ94Y22SUFCGU	5	These things are huge! I love the way the crystals crunch, and the flavor is not too overpowering or too subtle. This lemony flavor is my favorite--it's good on almost everything. You'll have plenty of flavored salt for a long time if you buy this.	5
236	B001HTL6CY	A1KLA02LZXAT46	2	"The taste of these white cheddar flat breads is like a regular cracker - which is not bad, except that I bought them because I wanted a cheese taste.<br /><br />What was a HUGE disappointment? How misleading the packaging of the box is. The photo on the box (I bought these in store) makes it look like it is full of long flatbreads (expanding the length and width of the box). Wrong! The plastic tray that holds the crackers is about 2"" smaller all around - leaving you with about 15 or so small flatbreads.<br /><br />What is also bad about this is that the company states they use biodegradable and eco-friendly packaging. FAIL! They used a HUGE box for a ridiculously small amount of crackers. Not ecofriendly at all.<br /><br />Would I buy these again? No - I feel ripped off. The other crackers (like Sesame Tarragon) give you a little<br />more bang for your buck and have more flavor."	5
237	B000WFRMRW	A2GN6W82DZNUN8	5	This is the ultimate puppy food.  The kibbles are great for small breeds.  High in digestible nutrients as opposed to fillers some companies use.  Less waste results from the high quality ingredients.  I have been hunting, training, showing and handling various breeds of dogs for nearly 40 years, with multiple National Champions.  I have been highly satisfied with Eukanuba's quality and the results I have obtained feeding their foods.  My recent purchases are with WAG, through AMAZON.com.  Their prices are the best I have found and they are very good at shipping immediately on items in stock.	5
238	B000WFRMRW	A3Q7QBDSAZ670I	4	The recommendation when we bought our puppies (lhasa/bichon mix and lhasa/poodle mix) was that we continue them on the food that they have had since being weaned. This is a somewhat expensive food so I can't say that we were terribly pleased but we loaded up on the stuff and headed home.<br /><br />Let me just say this, I have had small dogs before. Never have I seen such gas issues. Both of them consistently had foul gas. Consistently. Usually when they're sitting on our laps but, you know. They're dogs.<br /><br />When we got through the first bag of this stuff, we purchased more on amazon. It was a great price for it since we got a 40 lb bag for the price of (I think) a 15 lb bag at Petco. But, they continued to have gas. I mean, they loved the food, don't get me wrong and they loved it more when we'd mix in some water and it would be like soft food. Somehow that made their gas worse but I think I'll have to give that responsible to the speed with which they chowed down- can't blame the food itself for gluttony.<br /><br />Eventually, we switched their food. No more farting. I think it was due to the high fat content which undoubtedly is necessary for very small puppies. They just need that in their diet. I think that we were advised to keep them on it for much longer than was useful (they said up until 1 year). Yeah right, you try dealing with gas for that long. Around 6 mos of age we switched to PuppyChow. Much better. Granted, they don't like it as much, but we humans like it a whole lot better.	5
239	B001EO5ZME	AF72GTWZGAC61	5	A very delicate green tea with a smooth light taste and an subtle floral tones and no bitter aftertaste.<br /><br />In the 20+ years we have been drinking Ahmad teas not even once have we been disappointed. The superb quality of Ahmad teas has remained consistent throughout the years.<br /><br />I am so happy to find Ahmad teas available here (thanks Amazon!) because only a few stores carry it in my area and they are quite a few miles away. The current deal for the pack of 6 is superb (much cheaper than I can find locally).<br /><br />This is a great tasting tea, which I am happy to recommend.	5
240	B0093NIWVO	A1JT114SOITFFO	5	Fresh,a great way to get a little chocolate in my life without a million calories. They taste just like chocolate pudding.	5
241	B001EO5ZMY	AF72GTWZGAC61	5	If you like the Ceylon tea variety, you will certainly enjoy and appreciate this tea.<br /><br />I am so happy to find Ahmad teas available here (thanks Amazon!) and very surprised at the negative review from 2009 because in the 20+ years we have been drinking Ahmad teas not even once have we been disappointed. The superb quality of Ahmad teas has remained consistent throughout the years.<br /><br />The current deal for the pack of 4 is very good (cheaper than I can find locally).<br /><br />Highly recommended.<br /><br />NOTE: This listing's description is confusing. Each packet of tea weighs 500 grams, which equals 1.1 pounds or 17.6 ounces.	5
242	B001EO5ZMY	AOSK1PLKNT64	5	I've been enjoying this tea for years.  This tea is good mornings, afternoons or evenings.  My local store went out of buisiness....Thanks Amazon!  I use a bodum tea press to prepare a pot.	5
243	B001EO5ZMY	A1DAHZRJTX5X1Z	5	Hi, I have to have black tea everyday. I have done it in the past 25 years and it's a habit of mine. Ahmad tea is one of my favorite brands and I highly recommend it if you like black tea. I think this is going to remain my favorite for the next 100 years or so :)	5
244	B001EO5ZMY	A7WE8ZWEJG34E	4	I have tried it out despite the other review and I found that this is exactly the same tea i buy in either Russian or Italian groceries.	5
245	B001EO5ZMY	A1W4LZ4VZDF29Y	4	Ahmad Tea is an excellent looseleaf tea eith hot or for making iced tea. Great flavor with no lingering aftertaste.	5
246	B001EO5ZMY	A3E81HFGNME65J	2	I've been drinking this tea for the past 8 or 10 years, usually buying a box or two when visiting large metropolitan areas, where many Middle-Eastern stores carry loose Ahmad teas, usually at $5-7 for a pound box.  I've always considered it an unremarkable but robust tea, with enough aroma and taste, and beautiful reddish color, perhaps not good enough a tea to drink on its own, but a decent base for mixes.<br />This tea, however, is nothing of the sort. Freshly opened package has almost no characteristic tea smell, and the brewed tea is weak, flat and tasteless.  Somehow it just does not seem to be the same product anymore. So, you get a lot of tea for the money, but the quality is such that you might as well drink Lipton bags, they are not that much worse.	5
247	B007TFONH0	AMRNVZKWF6519	5	I love love love this deal - it's way fun to pick from so many! Teas and chocolates and ciders as well as many coffees. The other outfits that assemble samplers are boring - they do the choosing, and from a much narrower range. The sellers here are very nice, also, and will answer questions via email about the slightly confusing ordering method (it's easy). If you want great packaging, forget it - they ship fast, and the kups are just tossed loose in a box. Who cares?	5
248	B007TFONH0	A10IFYN5U6X20R	5	Once you've tried some random sampler packs (and now are overloaded with decafs,extra bolds, or teas), this is a great way to get exactly the brands or style that you want.  Received the order in a couple of days and was exactly what I ordered.  This was my second order and I'll be ordering this item again.	5
249	B007TFONH0	A3ICO2ROSXHIPM	5	good products and fast shipping equals a happy me. a little pricey but you can hand pick a few good flavors...a few i cant find anywhere else so def worth the price	5
250	B000GGKQSO	A1OE23J37ZPDXE	5	If used on a daily basis you will keep your gums healty and between your teeth clean and free of plack.	5
251	B007J32WX4	A3957BBBNL1TLJ	5	WOW!  This product is very impressive. I bought the 8oz blueberry and was pleased with packaging, price and shipping.  The powder dissolves instantly.  Even in water!  I've just been mixing a 1/4 tsp in a small glass of water for now and drinking it down and it tastes great!, but will add it to my smoothies and juiced fruit juices next. This product is so economical compared to purchasing fresh blueberries, especially because there is no waste due to mold or overripe berries thrown away.  I think you could add this to baked or unbaked foods as well.  I'm excited to add more of the SuperFoods to my diet in this fast and easy way. I definitely will being trying the other flavors soon.	5
252	B0017129DC	A2EPNS38TTLZYN	3	The pork chops from Omaha Steaks were very tasty but at the same time exceptionally dry. Pork is usually dry meat but these were to the extreme. Possibly shipping them frozen and keeping them frozen was partly the problem.	5
253	B0002567IW	A1SSKFPX72MSMR	1	Five minutes in, one tentacle was bitten off, ball inside cracked in half. Not durable enough to be a dog toy. Disappointed :(. So is the dog :(.	5
254	B0048IC328	ATY9Z65HYE0W6	4	I am chemical sensitive as well as sugar-free. I have been using this product for over a year. I use it maybe once a week at the most. I drink 1/2 the bottle and then boost my energy after an hour or two depending on how I feel. IMO this doesn't replace my a.m. coffee but is sweet in the early afternoon when I start to fade. Once in a while I drink a full bottle before a workout. I've been drinking Guayaki Yerba Mate teas for years. Compared to the many toxic energy boosters out there I highly recommend this. This product is clean and doesn't leave nasty chems behind in the body. Try it before you judge from a review - everyone's body reacts differently.	5
255	B0048IC328	A1W867A8DSHFHC	1	I felt energized within five minutes, but it lasted for about 45 minutes. I paid $3.99 for this drink. I could have just drunk a cup of coffee and saved my money.	5
256	B0048IC328	A375ZA7IJH2ZGQ	2	Yes, it's probably healthier than 5-Hour Energy or Starbucks shots but if you're looking to avoid a caffeine overload, this is still not for you. Most energy drinks cannot be made w/ out a high dosage of caffeine. I believe the caffeine content of 1 Guayaki shot is 150 mL - probably lower than other un-healthy energy shot drinks but I believe most other people avoid the top brands b/c they contain too much caffeine and/or sugar. If you do not react well to caffeine, Guayaki is not a good buy either. I definitely feel an energy boost w/ 1 full Guayaki shot but not w/ out all the other caffeine side effects - irritability, nervousness, mood-swings. Caffeine overdose is why I stopped drinking coffee. But it looks even organic energy drinks are still not safe.<br /><br />Now you're NOT sensitive to caffeine, then it's a great buy. It's not loaded w/ sugar. The taste is easy and pleasant. It's not loaded w/ a bunch of chemicals like 5-Hour shots or Starbucks drinks. And the energy boost lasts for about 4 to 5 hours. Takes about 5 to 7 minutes to kick in but all this probably depends on your body/weight.<br /><br />Side note - if you want to feel energized during the day, have a protein drink first thing in the morning and stay away for heavy, fattening foods during the day that will make you feel sluggish and sleepy!	5
257	B0025WIAN0	A2WT4IIHNFJGYT	5	These Nature Valley Nut Lovers Variety Pack was perfect. Although I wasn't sure about the peanut butter bar, it was excellent. I loved the Roasted Almond, Roasted Pecan and the Peanut Butter.<br /><br />I will definately buy from this seller again. Quick shipping and very fresh.	4
258	B00821UN4M	A332AAPB4P75L4	1	I so wish I would have read this review before purchasing TWO gallons of this oil for my health issues. It reeks like a chemical rubber smell. This smell is coming from the black rubber gasket in the lid. When I called to report the situation to the company, Sabrina told me I would have to pay to send them a sample to have tested by a lab. Unbelievable. Good customer service would indicate that they would pay for the product to be returned and give me a full refund, including shipping. The product is faulty. Period. I will never order anything from this company again and do not recommend it to anyone based on this horrible customer service and lack of responsibility and ownership.	5
259	B00821UN4M	A3MQSTAAJSUGF9	2	This product has a strong after-taste of Crayola crayons!<br /><br />I am in the process of trying different brands of coconut oils for cooking purposes.  Upon opening the plastic container, the aroma of crayons immediately fills the room, and this flavor permeates the food that is cooked in it.<br /><br />I suspect the source of the problem is the plastic used in the plastic container as I have not experienced this with any of the other brands purchased.<br /><br />To date, my favorite coconut oil is distributed by Barleans.  The flavor is fantastic.  However, they do not supply a gallon-sized tub,and Dr. Mercola has the best product in that size category.	5
260	B00473RWXY	AE508CW7ON3EP	5	Had this shipped to my sister who follows a gluten-free eating plan and she reports that it is very versatile and easier than grinding almonds for a crispy crust on chicken and fish filets. Also uses it in place of bread crumbs in meatloaf and meatballs.  Stays moist when added in place of wheat flour in baking, too. Good product, good value.	5
261	B002MV23XM	A2M6O8YORUA8PW	5	These are healthy and my mixed Llasa, Tibetan Terrier adores them. And they are healthy and his breath doesn't smell and his teeth are in good shape because of such products. A great healthy product.	5
262	B002MV23XM	AQ7QJ1GWE2BSR	5	A great healthy chew for my 9 wk old beagle, Rio. He loves the taste and it sure beats my arm.	3
263	B000LKZK7C	A3AER90E4ZWVN6	5	I really enjoy this product. I had such a hard time finding it affordable in the store. Once I found it I look no further, it's the only sugar I use.  Thanks so much.	5
264	B000LKZK7C	A25YQEBU2FAD3M	3	"I have used and liked Sugar in the Raw for many years, after being introduced to it in a Starbucks. My most recent purchase, however, was disappointing. The sugar was lighter in color and had a crystal size maybe 1/4th of the regular size. Having large crystals was something I always really liked about Sugar in the Raw. It enhanced the quality of mixed drinks and of lattes. I called their hotline to complain and was told that they had had a problem with their recent sugar crop and that the result was less molasses in the sugar. They have had many complaints of a similar nature. This, they claimed, also reduced the crystal size. They said this problem should go away with their newer crop. The representative said that the new-crop sugar will have a 6-10 digit date code (without ANY spaces) that ends with a ""1"" and no letters. The trailing digits are a date code using the Julian calendar. (My recent bad-purchase had a space after the initial sequence of numbers and then ended with a ""51A""). Bottom line: their current product is not much better than much cheaper products. When they get a better crop, I'll go back to purchasing Sugar in the Raw."	5
265	B000LKZK7C	A1T14KXM4GH14A	5	"""Sugar in the Raw""(tm) Please Harvest Cane w/o Burning<br />To be delivered to: HC&S<br />Dear ""Sugar in the Raw"" folks,<br /><br />We who buy your product care about the environment. And we'd like to know that you care too. When you burn the cane fields on Maui, it adds to the CO2 and worsens climate change. And the smoke from your burning is damaging the lungs of your workers, your workers' children and the residents of Maui.<br /><br />We love your product and want you to change to no-burn harvesting so we can continue to buy it, knowing we aren't contributing to Global Warming and lung disease.<br /><br />[...]"	5
266	B000LKZK7C	A1H9VU1FACOXLN	5	Love this sugar.  I also get muscavado sugar and they are both great to use in place of regular white sugar. Recommend!	5
267	B000LKZK7C	AWJ1Z81HHB0MY	5	Product is exactly as advertised.  What a savings!  At least half the retail price. Easy to store because of the individual packaging.	5
268	B000LKZK7C	A2NP8RNW9T5BQF	1	I used to buy this sugar for years. I do not eat much sugar, but still. This sugar is called turbinado sugar, but is misleading. I picked this brand just because it says real turbinado sugar, and other brands (in the local food store) that their sugar is brown because it is colored with caramel or something.<br /><br />HOW did i find out? I needed just a sweet water few days ago. I put this Sugar in The Raw in the glass. The water became brown and on the bottom of the glass i got just PURE WHITE SUGAR CRYSTALS!!!!! What a shame on the producer! U can try to put this sugar in your mouth and after few seconds you will spit out pure white crystals as well.<br /><br />I'm just wondering if the consumers can hold the company liable for such a practice.	5
269	B000LKZK7C	A2JRK3K99168A1	4	It's just sugar in the raw, it's flavor profile is much better then white sugar and it's suppose to be better for you or something. I just wish the bags were resealable.	5
270	B000LKZK7C	A1L4RDILGM7D9E	4	This is a delicious sugar. It has a pretty light brown color and delicious aroma. But the granules are quite big, however -- bigger than plain refined sugar. This makes is difficult to cream butter and sugar together. But if you use it in a recipe where you will melt the sugar first before baking it, or if you use it to brew beer and plan to boil it to melt it, it is a great product. It would be the perfect sugar if only the granules were a bit finer.	5
271	B000LKZK7C	A2VUB6YYTF234O	4	I only use raw sugar, it did seem a little smaller than the normal crystals but it is still good. Will buy again.	5
272	B000LKZK7C	A21BLUM0I2Y3MW	5	This sugar is very good.  Use this in your coffee, cereal, etc for a week and you'll never go back to white sugar, white sugar will taste terrible.  Plus from what I've read, this Raw sugar contains a lot of minerals that are missing in our diets.<br /><br />The product was delivered fast and well-packaged.  My only complaint is the price.  I wish I could find Raw sugar cheaper.  I would be happy to buy in bulk, but this is the cheapest I have found.	5
273	B000LKZK7C	A1VKNACW03M5H7	3	"I thought this was a great buy, but as noted by Scott D., the molasses content was not up to par.  I loved the higher molasses content ""Sugar in the Raw"".  Unfortunately what I purchased recently does not have the higher molasses content and I have twelve 24 ounce bags.  I guess I'll watch for the next crop."	5
274	B000LKZK7C	A2582KMXLK2P06	5	I really love this sugar and price-wise it's much cheaper to buy it here on amazon compared to anywhere else.	5
275	B000LKZK7C	A34HSMRAQY5XKX	5	"Love this sugar. It tastes so much better and isn't as overly sweet tasting as ""regular"" sugar. We've used it in quite a few baking items and they always turn out very good. The price that Amazon has this set at is very good to and makes it easy to use this for everyday stuff."	5
276	B000LKZK7C	AUUWUS51SMMT4	4	"Can't say anything bad about Sugar in the Raw.  I like it better than the other ""natural"" sugars. Better consistency and - I know it doesn't matter - but better color. Unfortunately, one of the ""natural"" paper bags got torn a bit in the box.  It didn't look like the box was damaged so I can't tell how it happened, but it was sort of pain to clean up half a bag that spilled all over the inside of the box and our kitchen when I opened it.  Not sure what the solution is and I'd order it again, but if it happens again, I'd switch to one of the brands that ship in an unnatural plastic bag."	5
277	B000LKZK7C	A1YZV2UY0QDZTX	5	Great service! Items arrived faster than expected. Very efficient! Will use this seller again. I highly recommend this seller! Thank you for the excellent service!	5
278	B001D07IPG	A3QN14A5DGUA0U	5	"Please ignore the one-star comments, if you check the bag the main ingredient IS in fact whole grain brown rice and the second is rice flower. With anything that is gluten free you have to add another ""binder"" which is where the corn flour comes in. For someone who has celiac disease and cannot have Sunchips, because they contain wheat (a key binder to any chip, cookie or cereal) this is an excellent product. My spouse and I buy these a lot because they are gluten free and absolutely delicious!"	5
279	B001D07IPG	ABHXONN9HSUZI	5	Best flavor ever!  I'm addicted!  They are all good but these are by far the best.  I could live on these!  And there is no need for anymore to say....	5
280	B001D07IPG	A3OM7Q1IVAGLUW	5	"So many ""healthy"" products don't taste very good.  Or taste good when you first try them and then go downhill.  I've had these chips on more than one occasion and they are very tasty.  I've served them to guests twice and both times they wanted to know what they were and where to get them. It's also nice to have something gluten-free for friends who are borderline diabetic...but I would eat them anyway."	5
281	B001D07IPG	A3BUE5AHX4M0FS	5	I found these crisps at our local WalMart & figured I would give them a try. They were so yummy I may never go back to regular chips, not that I was a big chip fan anyway. The only problem is I can eat the entire bag in one sitting. I give these crisps a big thumbs up!	5
282	B001D07IPG	AQX8FF2YCO3J7	5	This is one of the best tasting crisps I have ever eaten! I only buy it on special occassions because I know I'll eat the whole bag.	5
283	B001D07IPG	A27UE9HJRZ22YI	1	"I paid $1.79 for a 2 ounce pkg of these at lunch today. I bought them because brown rice is a ""good"" carb.  As soon as I tasted one and it tasted like a corn chip I checked the ingredients.  The name is deceptive - these have ""Masa corn flour"" listed in the ingredients and it overwhelms the taste.  I won't buy these again - I can get Sunchips for less money and similar taste."	5
284	B000H13270	A3MBRJ5X24GXM9	5	"I use the Rotel Mild and I LOVE this product so much--it saves me on a daily basis.  If you're trying to cook lower fat, healthier foods and in a HURRY, this stuff makes it so much easier.  Ever notice that some canned tomatos have a weird ""tin can"" taste when you make spagehetti sauce or whatever?  For some reason this product doesn't have that.  It tastes so good you can just dump it in with a can of beans, heat and eat.<br /><br />or add some chili powder and now you have chili soup.  I also make indian dishes with this, and spicey spaghetti sauce.  I also prefer this to most canned salsas, so it works for things like quesadillas if you drain the liquid off.<br /><br />None of my local grocery stores carry it at all, nor do they carry anything like it.  So I have to pay Amazon's inflated price to order this by the case.  I don't like that I'm paying a higher price, but I LOVE LOVE LOVE the product."	5
285	B000H13270	A3J6I70Z9Q0HRX	5	the price on this product certainly raises my attention on compairing amazon price with the local stores. i can get a can of this rotel at my local kroger for $1. dissapointing!	5
286	B000H13270	A1YLOZQKBX3J1S	3	howdy y'all,<br /><br />the actual product is VERY good - i'd rate the item a 4 on it's own. however, it's only ONE dollar at the local grocery and - @ twenty eight+ dollars per twelve pack - these are running almost two and a half dollars each.<br /><br />as i said, TOO EXPENSIVE. [*sigh ...*] i was really hoping to get them at something approaching the local cost.<br /><br />take care,<br />lee	5
287	B000H13270	AVQIRN6E7J7UA	3	"Nothing wrong with the product, but I sure had to mix it with *lots* of other ingredients to make it edible to me. (In Texas I was called a ""baby-mouth"" - not into very spicy-hot foods.)<br /><br />For comparison, I'm comfortable with Tostitos medium chunky salsa. 1 can of this milder Rotel, mixed with 2 slightly larger cans of diced tomatoes, was still way too hot for me to use as salsa for chips. I used some of this to make a sort of southwestern cornbread that was good though."	5
288	B001UJEN6C	A1XM65S80UQ2MD	5	This is a fantastic product, and I wish it was readily available in most stores. It's taste is not the greatest, but it's a 2.5 oz. shot, and it's gone in a second. It tastes, more or less, like a concentrated sweet tea. For the record, I've had 5 hour energy, and that tastes FAR worse. I will put up the taste for the results. It's got 150mg of caffeine, which is the equivalent of the big red bulls and monsters. I can't stand sucralose and sugar substitutes, and this is one of the only shot sized energy drinks that has only sugar in it. The sugar is at 9g, which isn't horrible. I used to drink 4 16oz. Red Bulls a day for the caffeine, and this gives me far better energy, and is much more subtle. My preference is black coffee, but I can't drink 8-12 cups a day anymore. Overall, Steaz does it right; real organic ingredients in moderate amounts, and they create big results.	5
289	B001UJEN6C	AFUMZHRZJG0H0	5	I have to get up really early to work out before work and I get super tired by the middle of the afternoon. I was drinking one 5 hour energy, usually extra strength, each day. It worked well, but gave me a jittery feeling, almost headachy but not quite. My husband got me to try this and I was skeptical, but for me it works as well if not better than the 5 hour energy and doesn't give me that jittery almost-headache feeling.<br /><br />I don't mind the taste--it reminds me of the inside of a fig newton (mmm). And the price is ok, on Amazon anyway. At my grocery store they were almost $3 each, yike!<br /><br />And it's organic--so I can feel good about it, right? It's all about me feeling good!	4
290	B001UJEN6C	AIW47KAXVTR0X	5	I bought these for my husband and he said they are the best energy shots out there. He takes one in the mornings and works hard all day. Good stuff!	4
291	B001UJEN6C	A1R2P21ZYNJCFJ	3	I am a energy junkie and I'm not sure if this works or not, but what I do know is that the taste is not the greatest. I do drink the steaz energy drink and I think I get the same results. I like this products because it is  more natural then the others.	5
292	B001UJEN6C	A37AO20OXS51QA	5	If you want an organic energy shot, your choices are this one from Steaz and the assorted flavors from Guayaki. Guayaki Yerba Mate is actually in the Steaz energy shot and energy drinks, and they both use Sambazon Acai, so there are some similarities in ingredients.<br /><br />Great energy burst for 4+ hours on a Steaz Energy Shot, and no withdrawals or headaches afterwards. Plan on drinking one every day at lunch at work. This will help me cut down on my iced coffees, which are not helping my calorie intake.<br /><br />Already ordering 12-packs on subscribe and save, 2 per month. Great value.	5
293	B001UJEN6C	A3R6W1FEYDNT8V	5	I was looking for a natural energy shot that works, and I found it. Steaz energy shot is my favorite!<br /><br />I recently had gastric bypass surgery, so tons of sugar is a no-no. And I'm also allergic to Sucralose (Splenda) so most other energy drinks are out.<br /><br />I tried Bazi energy shots and they didn't work as well as Steaz, and definitely didn't taste as well. These have a taste that's almost like Coca-Cola--not bad at all.<br /><br />If you're looking for natural energy, give these a try.	5
294	B001UJEN6C	A2VBZOK3SVSDWA	5	I had tried both of the Guayaki energy shots and I don't like the taste of either of them! This one has more natural caffeine and tastes much better. I like them cold for sure. My husband and I take these on road trips in a little cooler with ice and waters and we don't have to make stops for coffee! Especially on the turnpikes where it's just way too expensive. It's worth the $[...] per shot. We normally split them. I'm really sensitive to caffeine, even the natural kind so I get a little weird if I drink the whole thing but that's the same for coffee too for me. My husband drinks the whole shot and gets a nice wake up boost. I would recommend these over any of the sinthetic shots out there. You can feel good about putting this in your body! I'll be ordering again soon for sure =)	5
295	B001UJEN6C	AREOHWLWVX0A8	3	I purchased it because it was on sale. In terms of the energy it provides, it works, but the taste leaves something to be desired. I tried mixing it with some water to make it more drinkable.	5
296	B001UJEN6C	ADWJAJZTHNYN6	5	I've been feeling extremely tired around the late afternoon. As a software engineer, this is entirely unacceptable! So, I asked the nice lady at the counter of my local Whole Foods Market, for something that will give me that extra energy I need to get through the day.<br /><br />She excitedly returned with a suspicious little green bottle. Over three hours after drinking whatever that was, my brain is still working at unnatural speeds. To summarize my experiences: I believe this works.<br /><br />She did explain that I needed to drink plenty of water with it, which I personally feel helped the energy level. So if you're feeling tired during the day and hate coffee, give this a shot - preferably before you eat anything.<br /><br />Woot!	5
297	B001UJEN6C	A3UD9G34YLWVXE	4	The energy shot truly does work! It had a terrible after-taste at first, but now that I know what to expect, I am getting used to it. I always have some water handy as a chaser...which helps! I am so glad to have found something that gives me the energy I need without all the chemicals found in other beverages. It's helped me kick my addiction to Diet Coke and other aspartame-laced caffeinated beverages. Yay!!!	5
298	B001UJEN6C	A2Y4IWY1ZXLXH8	5	I've tried 5-hour energy, red rain, NOS, and other energy shots.  This is my favorite in terms of taste and effect.  Plus, it's somewhat reassuring to know that natural ingredients are used.  Sometimes I wonder what I'm really putting into my body with some of the other brands.  I purchase a box about once every 2 months for the past 2 years.	5
299	B001UJEN6C	AHAX3RWULQD6T	5	If you're looking for an energy boost without artificial sweeteners and other chemicals, this is a great option.  The taste is decent and it is a nice smooth uplift without jitters.	5
300	B001UJEN6C	A2LFHPZFG1OHBZ	5	I first found Steaz Berry Energy Shots at a local organic market. I bought two bottles, which cost just under three dollars each. I fell in love instantly. The drink is delicious -- I can taste the yerba mate and the acai juice, like a slightly bitter fruity chocolate honey tea. I am very sensitive to sucralose (Splenda) which is in so many energy drinks these days; I also hate the taste. I love that Steaz has actual sugar and no artificial sweeteners. The rush it gives me is slow and even. I have several medical conditions, including fibromyalgia, which saps me of energy and causes intense pain. I like how Steaz helps clear away the fatigue and fog so I can get things done. No caffeine jitters, even though there are 150 mg of caffeine in each bottle.<br />It was becoming expensive for me to buy the bottles separately at stores, so I started looking online for a bulk price. I am so thrilled to have found the Pack Of 12 on Amazon. I signed up for Amazon Prime specifically for this product, hah!	5
301	B001UJEN6C	A297HRGWRID7I6	5	I have tried other energy shots and this one is the only one that really makes me feel good and energized without any other sides effects at all, its also the best taste, others taste like medicine, this one has a tea fresh taste. I love it.	5
302	B001UJEN6C	AMYAHFQZI19LS	5	I drive OTR...Over the Road truck and this helps to keep me alert. It has no sugar high & no crash. I'm on a autoship which i like. The price is very good. I've seen it over 2 bucks in the store.	5
303	B001UJEN6C	A28VTF9FQ42SBV	5	Products takes pretty good, and it doesn't leave you gittery.  With subscibe and save as well as Prime membership I pay below $ 2 a shot.  My wife tried them and now she drinks them like they are going out of style.  I moderate mine and they make for more effective use before weight training.  I recommend this product to anyone who is looking for a healthier alternative to high sugar and unnatural products that are everywhere that still gives you the results of an AWESOME Energy Drink.	5
304	B001UJEN6C	A2H03V8PAZDU9J	5	I use this product daily, and it provides a steady stream of energy.  I do not get jittery or crash.  It also helps me practice portion control because it acts as a slight appetite suppressant.	5
305	B001UJEN6C	AUXHG88OYWCGM	5	I've been buying and drinking this for over a year now, and the energy boost is excellent, with a continuous, ~6-hour effect. The most recent shipments seem to have improved the flavor slightly as well, or perhaps I'm getting more used to it. I don't drink it for the flavor, but it's not as heinous as the fake flavors found in the other, non-organic energy shots.	5
306	B001UJEN6C	ATN552TF5V40Z	1	This is the first time I've really been misled by other reviews on amazon. I like 5-hr Energy, I find Rain ok and so I thought I'd try this product based on the reviews. Boy am I sorry! I gagged getting one bottle down even with my nose pinched (really). And it leaves the worst medicinal taste in your mouth afterwards. 8 tic tacs at once did not get rid of it! But worst of all, within an hour I was yawning and drowsy. Unless you really like things that taste of a weird tea-flavored cough syrup and don't work, don't buy this! I don't know what to do with the other 11 bottles. big fail	5
307	B003EMU7EU	A3DSWITPB6NBT5	4	I loved this mold!  I wished I could have used it for more than one occasion, but it didn't last.  I did use it to make 30+ suckers for my daughter's first birthday. But there was going to be no way that the mold could be salvaged after that.  I would have liked to have kept to use on other occasions, but for the price it didn't matter to me that much.  It served it's main purpose :)	5
308	B0064KOUNI	A215QEI3FPLVXU	5	You HAVE to try the VANILLA Tootsie Rolls!  The regular chocolate ones are good, but THESE are the BEST EVER!!	5
309	B003YDP5PA	AAZ084UMH8VZ2	5	Try this you might like it. I did and I am quite addicted, it is too easy to prepare, it tastes great and it absorbs the flavors you cook it with. The price is really good and well worth the purchase. If you like this type of Couscous like I do, then give this one a try.It can be eaten hot, room temp or in a cold salad with a variety of greens and other flavors, it takes on the other flavors very well when mixed. I cooked the Couscous with a broth and oilive oil for added flavor and it rocked my taste buds big time. I will be back for more.	5
310	B003YDP5PA	AFLLCB3F28N6A	5	This tri-color couscous is really good...full of flavor and fun to eat.  I love the texture.  I cook in chicken broth and add some minced garlic and chopped herbs (parsley, cilantro,) along with some red pepper flakes.  At the end of cooking, I add some olive oil and this makes a wonderful side dish...Highly recommend	5
311	B003YDP5PA	A3T8PIRVS2LX4P	5	"I tried to find israeli couscous in a number of upsacale grocery stores and no luck.  So I decided to try good ole Amazon.com and selected this product.  It is so good..add a few herbs and it's a great side dish, or add more and make a ""pasta type"" salad.so very good.  I am hooked.  Great flavor and so easy to prepare!"	5
312	B003YDP5PA	A18RVAXFLALN6E	1	The package came with the label torn off and no cooking instructions. I know how I normally cook Couscous so tried 3/4 cup water to 1 cup couscous-brought to a boil and let sit, covered for 5min. It was mushy and tasteless.We have thrown out the rest of the container.	5
313	B002X9JNYU	AVPSSODZIDABZ	1	I wouldn't even think of buying this product unless I know the price per unit. How can I compare other items online or in a store?	5
314	B001EPQ0J0	A2RXRKRI8YSQWQ	5	I love ordering whole bean coffee on Amazon.  I like this so much that this my first product review.  I have to say that I'm usually not a big fan of flavored coffee, but I thought I would give it a try.  When my husband started grinding it up, I could smell it throughout the house.  Sometimes with flavored coffees, the smell is there but the taste isn't.  However, not with this one.  I'm now going to order another flavor from this company and will give it a try.	5
315	B001EPQ0J0	A2KADAQBR8NG80	5	I love this coffee. I do wish it came already ground as I don't have a grinder and use a blender instead. But it's worth it. Many flavored coffees I've tried only seem to have a flavored odor that doesn't reach the coffee, but this one manages both.	5
316	B001EPQ0J0	A2L3IECPFB956F	5	This brand of coffee has been available in my local stores for some time -- I've believe the company is local.  I've been drinking it for quite some time and have not tired of it.  I'm particularly fond of the Turtle Sundae but all the flavors are good.  I can't say that I've had a bad one.<br /><br />As it turns out, it's less expensive to order it from Amazon and have it show up at my front door than it is for me to run out to the local Walmart to get it.  It's a no brainer.  Try it, if you like rich, flavored coffee, you'll like it.	5
317	B000O9Y62A	A137DV4YVGWDCR	5	It is hot! I love it, tasty and a little sweet. I usually scoff at salsas labeled as hot, but this one lives up to its billing.	5
318	B000O9Y62A	A89KN0ADLUNPW	5	"I consume about a jar every two weeks of this, either adding it to fajitas or using it as a corn chip dip.  It is hot, but after awhile the medium Salsa Suprema was too mild for me; I thought maybe I'd cut down how much I ate by going to the hot Salsa Ranchera.  It's hot enough that people who aren't used to it will say ""That's hot!"".<br /><br />Flavor: bright and forward.  The similarly hot Salsa Victoria is a duller taste to me, I guess earthy.  This salsa is much brighter in the mouth.  I don't like to go hotter than this because the sauces I've tried lose any resemblance to yummy salsa and just taste hot (this happens to me with Tabasco sauce, for example).<br /><br />A drawback is La Victoria doesn't make a larger bottle of Salsa Ranchera nor Salsa Victoria, nor do they sell them in [...] or Sam's Club.  To get a good deal you have to watch for sales."	5
319	B00283TPYE	A1SH7OWQ98P6FI	5	service was great, but I meant to buy Swiss Chalet chicken SAUCE not the Marinade :)<br /><br />Love the sauce - have yet to try the marinade	5
320	B001FB69YY	AJM8UGFV16NS8	5	Use frequently as we like to do Asian dishes at least once a week.  Love this product.  Fast shipping, as usual.  Would buy again.	5
321	B004OYBN7C	AVD1K8KU6Z86U	5	"These individually wrapped pieces are delicious (although I wish there were a few more). Mildly sweet with no sugar-free aftertaste, even a traditional ""marzipan-aholic"" should enjoy these."	5
322	B000JEHAHS	AJ7Q49CTJ1BOC	5	Put this in my husbands stocking for Christmas and it was a hit.	5
323	B000JEHAHS	A2MMFEZ728S1MA	3	I was amazed at how quickly it arrived!  It is a cute stocking stuffer, but only OK as far as user appeal.  You get what you pay for.	5
324	B000JEHAHS	A1GUR2DMGWUIGL	3	Toy was typical quality I expected.  I got taken for a major ride on the shipping!	5
325	B000JEHAHS	A2CU16YU1KEOUY	1	So we cancelled the order.  It was cancelled without any problem.  That is a positive note...	5
326	B003VTN95K	A6Y49ZNS6NPN0	5	i love the convenience of the singles. The best creamer around.Taste is just like the big bottle. I can stick them in my purse and take them to work.	5
327	B003VTN95K	A3G467T8H2U4F1	5	These creamers come in 4 packs of 25. I have taken one to work and opened one for home so far, and haven't found a single broken or leaking creamer yet. I usually have way too much cream and sugar in my coffee, but with these it is easy for me to cut down on the sweetness because I won't allow myself more than 2 creamers per cup. I think this is definitely the best option for buying creamers from Amazon since all the other listings have a lot of complaints about creamers breaking in shipping!	5
328	B003VTN95K	AKG4UJNVSHHAD	4	Even though we are International Delight fans we were not completely dissapointed by this product. We had no problem with the shipment, but the creamer itself is thinner than International Delight. Other than that we are happy :D	5
329	B003VTN95K	A1J7ZSFU0SO3D4	5	Besides the obvious convenience and portability of the individual creamers, I liked this item specifically because of packaging. I couldn't believe how many reviews I read about coffee creamer cups; but many of the Amazon creamer options (both Coffeemate and International Delight) had multiple negative reviews due to the shipment arriving with broken cups thanks to sloppy packaging.<br /><br />That was not an issue here. The shipment arrived in four dispensing boxes of 50 each (as shown in the photo); those boxes were tightly packed in a thick cardboard box which could take a good beating before damaging the inner boxes. Thus, none of my cups were broken, no waste and no sloppy drippy mess. Plus the four boxes means I could put one in the kitchen, one in the bathroom (we moved our mini Keurig there when we upgraded the kitchen Keurig - best idea my husband ever had), and one at work, with a reserve for whichever runs out first.<br /><br />If you are looking for these mini creamers but deterred like I was by the negative packaging reviews on other options, this is your best bet. As a bonus, the auto delivery price is very reasonable.	5
330	B003VTN95K	A3GLQSR6MTHXGL	5	This seller is very nice.  And the price is very good.  The only reason I stop ording is bacause I went to sugar free, and at that time he did not have it.  But for those of you that don't have to watch there fat in take, I would get this product from them.	5
331	B003VTN95K	A3KVJ2DVCLO0HB	5	"I purchased these coffee mate singles to use at work along with the coffee ""tea"" bags.  They're great because they don't require refrigeration."	5
332	B007DJ0O9I	A24GM452AKJTT9	1	I received the items in a timely manner. Upon receipt, I removed a pack to consume. The pop-tart was STALE and left an awful taste in my mouth.	5
333	B007DJ0O9I	A328TUPI6HYZSF	5	"I found these new spring Pop-Tarts and bought them on a whim.  My kids and I were amazed and delighted at the fun, colorful, amazingly detailed artwork on these Pop-Tarts.  Fantastic for after school snacks, lunch boxes, and school treats. Tie with a ribbon for a bright ""thinking of you this spring"" gift.  The only challenge is finding more in stores.  Way to go Kellogg's - fantastic product!"	5
334	B00469VSJI	A28D8FT2NNCS2Z	5	Yes, I am having a cup right now.  I went all over town looking for this coffee after been invited to a non profit organization to a banquet and besides the delicious food they top it off with this amazing delicious coffee.  I paid and extra 20 bucks to get it right way and it is worth the money. Highly recommend.	5
335	B00469VSJI	A2EVOV2OZBQU53	1	Taste like it is stale.  Will not order this again.  I had this coffee at a 50th year annerversery at a reception hall and had to have it.  This stuff tasted NOTHING, like the Douwe Egberts at the hall.  This is possibly stale coffee.	5
336	B00469VSJI	A1447CDAPZGLYV	1	Serveice delivery with the seller was excellent. The product was not. Will not order again. Bad taste. Iam not sure if it was old or that how it tastes. I throw it right away, i coudl not drink it.	5
337	B002SRAU80	A156LLD3VZJGC2	5	This is honestly THE BEST seasoning salt in all the land.  It tightens up any dish; not spicy, just perfectly seasoned.  It's perfect, hence, my purchase of this 35 oz. mamma jamma.	5
338	B0067LDV66	A1KZ67VEU7CJQ3	5	The order arrived as advertised. I have had only a few chances to use it, but it is awesome. The flavor is exactly what I hoped for! It may take me a while to finish the entire gallon, but I will definnantly order again!	5
339	B0067LDV66	A26EQ8U96JA92T	5	I like a lot of sesame oil and use it in salads regularly.  Great quality, flavor and aroma.  Can't beat that its organic!	5
340	B000HKYP9A	A2CHZ5Q2EF3IR3	5	Bought a set of two when my son was about 6 months, and we started taking them with us whenever we went out to eat.  I cut up cantaloupe, apple, banana (even used sweet potatoes a few times)-- just whatever I could get at the restaurant-- and it would keep my son busy long enough that I could actually eat!  It's great because I didn't have to be overly worried about him choking on big chunks, and he got to try out new foods.  I wouldn't hesitate to buy this again.	5
341	B000HKYP9A	AD5WAUA14YD6N	4	I have a slightly different version of this - different brand.  My son started using it around six months, and he really enjoys it.  He DOES get messy if he eats something sticky or juicy like banana or watermelon, but whatever...  Anyway, I also had trouble cleaning it, until I tried scrubbing it with a nail or vegetable brush.  That works pretty well.  It takes some time, but not as much as it would take to run food through a food mill or blender, or cut it up, then clean it up off him, the chair, the floor, the dog, me, well you get the picture.	5
342	B000HKYP9A	AHMKE1AJEHHS3	5	What a GREAT idea!!!! My daughter love it.<br />I don't think is difficult to wash, I mean, is not like just toss water and that's it... but, come on!!!!<br />Absolutely recommend it!	5
343	B000HKYP9A	A6VEEE9HOL004	3	This product is impossible to wash and actually get cleaned.  I couldn't get the food pieces out to save my life. I tried scrubbing them out and even washed it in the dishwasher as it suggests.	4
344	B000HKYP9A	A3JBI5QDS32UEM	5	I loved this product for fruits and other food that I didn't want my new baby to choke on.  I also used it to put ice in when my baby was teething. It worked great for this, as well as for the food. I didn't like bananas in it though-impossible to get clean!	5
345	B000HKYP9A	AMNCDXFZKL6MZ	3	I love, love, love the idea of this product and my little one loves, loves, loves to use it.  She gets fresh fruit and other tasty things and I don't have to worry about her choking.  The only drawback is that bits of food get stuck in the mesh and the seams and are impossible to get out.  Granted, some foods are more difficult than others and some don't cause that much of a problem.  Bananas however, have pretty much destroyed a couple of them.  While I love this product, I think that next time I will get the one that has the removable and replaceable mesh bags.	5
346	B000HKYP9A	A2B7A8FJBT0HDX	3	The Munchkin fresh food feeder is an okay product, it's kind of like sucking on food through a cloth. While my daughter was interested in it for a little while, she eventually lost interest. I may introduce it back to her again and see how she reacts.	5
347	B000HKYP9A	AEIAXBIMAO9T0	4	This product is amazing. I know a few people with little ones that use these and they LOVE them!! Super easy to clean and use. When ordering these, I was under the impression that there were 2 per package...FYI-they're not!! Only one per...	5
348	B00067AD4U	A2OB1BFAEPAYBM	5	I ordered these for my coffee themed wedding. When they arrived I had to fight off friends because they smelled and tasted so good. I literally had to hide the box to the wedding! They were a big hit on my wedding day and there were none left over that we put on the tables. It was a great tasting product for the lowest price I've seen!	5
349	B00067AD4U	A3GT3KCGY9EYF4	5	"""These are delicious! The chocolate is excellent and the espresso bean was the perfect roast for this purpose. Crunchy and not bitter.""<a href=""http://www.amazon.com/gp/product/B00067AD4U"">Chocolate Covered Espresso Beans 5 Pounds</a>"	5
350	B00067AD4U	A2LYOWC3FC73XK	5	"The product was exactly as advertised and fresh.  Unfortunately, I keep them in a candy dish in the office and they are going fast.  We need to reorder to keep up with ""demand"""	5
351	B00067AD4U	A7DSY3M6P6RG3	5	"These chocolate covered espresso beans are wonderful!  The chocolate is very dark and rich and the ""bean"" inside is a very delightful blend of flavors with just enough caffine to really give it a zing."	5
352	B0029OWDAU	A1DTDSL1J6C05F	5	Popchips are so good.  I have been following Weight Watchers and lost 50 pounds and am at my goal.  These Popchips are my salty crunchy indulgence.  They taste so  good,	5
353	B000SEJ84M	A19Y7MSOR2J7XP	5	I've purchased dozens of bags of this pancake mix (which is a great product, by the way).  This is the highest price I've seen.  Whole Foods carries this item and it's been on sale there for $9.99 (that's Canadian dollars, too, as I'm in Canada).  It's even cheaper on Baker's Box's own website, and they're the company selling this product through Amazon. For a two-pack they should be charging $20 or less.  What gives?  I thought Amazon was where you could find competitive prices.	5
354	B001LMNXFA	ATBV3QRAVD2PJ	5	The Sugar was sweet, that can not be denied.  As advertised, It didn't melt when baked either.  However, it will not do for your Liege Waffles/Gaufres what the larger pebbles of Belgian pearl will do.  These grains are smaller, think pretzel salt, or seed pearls.	5
355	B001LMNXFA	A226DRVTNFWM28	5	That's exactly what I was looking for to bake some chouquettes (puffs with small sugar pearls on top). Works great, yum!!	5
356	B002J2DO8W	ASIAOU4JW8LUG	5	This is what I was looking for and was missing it. The taste is exactly the taste as the one made in India so just loved it and remember my days back in India. Definitely recommend it.	5
357	B000U9V5AU	A2VOVLKP603R1T	5	I bought this strawberry extract hoping to spruce up a strawberry wine that ended up with less flavor than I'd original expected. (A common problem in some fruit wines.)<br /><br />This is, indeed, good strawberry flavor!  Just add to your sugary concoction (be it a baking good, a dessert or a drink) to either give strawberry flavor (or add to existing flavor), and presto, just about everyone will be licking their lips (and maybe fingers).<br /><br />For those interested, I found the right addition to a liquid volume to be 4 oz of extract per 1 gallon of liquid.	5
358	B001SB099M	A2XADCFYDXH7IV	4	"Great stuff and dependable, especially when there are a million brands ""out there"" to choose from.  I love the stuff.  For really high end desires, I go with the Apollo Olive Oils from California.  But I buy a whole lot more of this stuff and will buy it again and again."	5
359	B0041QJSJS	A1KZUXE70GYNGO	4	I hadn't tried (or heard of) till recently Weavers not it's my favorite. I am running through the list of types they have looking for a favorite and haven't found one yet, they're all so darned smooth. No bite, no after taste, a little pricy but still worth it. No worse price wise than starbucks or peets. Will keep running through the list here and see what happens. Love them all so far.	5
360	B0041QJSJS	A221AFCU6AE0QO	5	Having always been a strict Peet's Coffee lover, I was reticent to switch brands but Weaver's won my heart!! The taste is clean and strong, the ethos is correct (organic, baby) and even the packaging is very zen and appropriate. Be still my caffeinated heart!	5
361	B0041QJSJS	A2BAVWMHL130WY	5	Go ahead and drink the other brands served at your neighborhood cafe if you must but make sure you have a stash of Weaver's Peru Organic Whole Bean at home to serve up to your friends and family who deserve the best coffee.  And when you go back to that corner cafe where people drink average coffee because they don't know better, take along a travel mug filled with Weaver's coffee from home and enjoy a real Cup of Joe.  Er, Weaver's.	5
362	B0041QJSJS	A20B2BU1ZPY9AW	1	A very bitter tasting coffee even when enhanced with cream and/or honey. Definately not my cup of coffee. Oh, did i say it was bitter?	5
363	B0041QJSJS	A2T68P9I05KBFT	5	"Im learning that Latin American and South American coffees have this distinct ""coffee"" caramelish finish.  As a Peets Coffee fanatics we learned that Weavers roaster was the roaster for Peet's and we are hooked !  I already reviewd the French and Organic blend, but I must say this coffee here is a perfect afternoon drink.<br />Met the weavers team at the Warner Brothers party and they gave me a half a pound of french roast.  Since them we are fans.<br />You wont be dissapointed !"	5
364	B00437JI8Q	A2SLZMD0UYRT5X	5	"I like eating these whenever I need an energy boost.<br />It has everything that I am searching for in a, ""To Go Snack"".<br />Fiber plus Chocolate is never a bad thing!!!"	5
365	B00437JI8Q	A3UM3M6WSUN5BR	5	These are my favorite bars ever. The combo of raisons and dark choc is wonderful! Very filling! These are hard to find in the stores. I'm thankful for subsrcibe and save!	5
366	B00437JI8Q	A4TLHOUT1PHTL	5	My fiance loves these dark chocolate and nut granola bars and all the grocery stores around us don't carry them anymore!  Once again, Amazon came through and he couldn't be happier.	5
367	B00437JI8Q	A3DKCBKDEO2GS3	5	I was buying Quaker Oats granola bars but these Nature Valley chewy bars are better tasting, they make a great snack when I'm on the go. Chocolate, peanuts and raisins...it doesn't get any better.	1
368	B00437JI8Q	A1J87LOAYSMHO9	5	Hard to get husband to eat breakfast before school.  He takes two bars now and is very happy to do so.  It is often hard to find flavor in local grocery stores.  So again, Amazon.com came through with a reasonable price.  Now, I came keep the husband's breakfast ready as he runs out the door in the mornings.  I often like to have a bar in the evening as a night snack.	5
369	B002O3VHXU	A1OIMIM4FHT4IG	4	"""Nantucket Blend coffee is one of my favorites.  I was suprised that it was a single box.  every time I ordered before it was a 2 pack.  My fault for not reading closer.  I will not order any more at this price for 1 (24 count)"	5
370	B002O3VHXU	A3OXHLG6DIBRW8	5	"Green Mountain ""Nantucket Blend"" K-Cups make a very good cup of coffee in my <a href=""http://www.amazon.com/gp/product/B000AQPMHA"">Keurig B-40 B40 Elite Gourmet Single-Cup Home-Brewing System</a>. This is a very smooth tasting brew that my wife prefers over the <a href=""http://www.amazon.com/gp/product/B0029XDZIK"">Coffee People, Donut Shop K-Cups for Keurig Brewers (Pack of 50) [Amazon Frustration-Free Packaging</a>] I generally drink in the morning.<br /><br />These are good on both ""Small"" and ""Large"" cup settings as well.<br /><br />Highly Recommended!<br /><br />CFH"	5
371	B002O3VHXU	A2TJG4N8LNJW23	4	"When we received our Keurig Elite for Christmas, we were so excited to break open the sample pack of pods to try out different blends and flavors. Of the 12 pods we had in the box, four were Green Mountain Coffee brand. I'd never tried anything from this company before, but from what I had researched online, they have the largest range of Keurig pods and have even bought out competitors to produce coffee under their brand names as well.<br /><br />Unfortunately, I was immediately disappointed by the quality of the coffee. We tried their Dark Magic, Decaf and Breakfast Blend and all were underwhelming, to say the least. I was almost completely set on writing off Green Mountain altogther.<br /><br />We had one GM pod left and being of the mindset of waste-not-want-not, I figured I'd give it one last go around before forgetting about them completely. And I'm glad I did.<br /><br />The Nantucket Blend is a perfectly pleasing cup of coffee. It is nice and flavorful without being thick and pungent (unlike some of the other GM blends we tried). I added some flavored creamer to it and it almost measures up to our go-to Caribou Blend pods. Almost. All in all, this is a very standard cup of coffee which, while it isn't anything new or exciting, is very pleasing and definitely one of the better Keurig options we've been able to test out. When we run out of all the pods we've accumulated, I'll probably pick up a box of these as well.<br /><br />Now that I know Green Mountain isn't completely disappointing I'll definitely be open to trying a few more of their coffees (with our promotion for getting the bewer we ordered <a href=""http://www.amazon.com/gp/product/B004I3Y4IE"">Green Mountain Coffee Golden French Toast,  K-Cup Portion Pack for Keurig K-Cup Brewers, 24-Count</a> to try as well) and see how it goes from there.<br /><br />If you're looking for a go-to choice, this is your cup!"	5
372	B002O3VHXU	A2129VQGGHR150	5	Green Mountain is my favorite brand. Nantucket is my favorite coffee from Green Mountain. Very smooth flavor. Not too strong and not too weak.	5
373	B002O3VHXU	A1HQV09XG1Z0YW	4	I was looking for a replacement for Timothy's Kona Blend which is no longer carried on Amazon.  This coffee from Green Mountain is very nice, but not strong enough for me.  If you like milder coffees, then this one is for you.	5
374	B002O3VHXU	A2ZNLPYMZOXLGX	5	One of Green Mountains best blends of coffee in my opinion,love it for your everyday blend, perfect stregnth, excellent blend!	5
375	B0057FTBYO	A5IWYNX8RHRKL	5	This is just Fantastic Chicken Noodle soup, the best I have ever eaten, with large hearty chunks of chicken,and vegetables and nice large noodles. This soup is just so full bodied, and is seasoned just right.  I am so glad Amazon carries this product.  I just can't find it here in Vermont.	5
376	B0087HW5E2	A139RTDNMU3WY5	5	I have used this oil for several years and it is the best for eating with bread or cooking,  I love the regular, I use it on everything. You won't be sorry you tired it, great for dipping bread and cooking omelet, and green beans.	5
377	B003YXWAF8	A212PEJ8E3TS3V	5	Oh my gosh, is this good!  Like most people, I've been eating ketchup my whole life and never really thought anything about it.  Then Hubby brought a jar of this home.  The tomato flavor is amazing.  I will never buy store ketchup every again.	5
378	B003YXWAF8	AS89BWXQRDAMV	5	Sir Kensington's did a great job of updating the classic ketchup with this wonderful product. The refreshed taste of this Ketchup is a great update, and now leaves me disappointed when I'm given Heinz while out at a restaurant.<br /><br />For you Heinz die hard fans out there, this is not the ketchup for you. But for those of you who wish you always knew what ketchup could be without the chemical aftertaste found in Heinz, be sure to give this Ketchup a try.<br /><br />Don't forget the spiced variety. Purchasing the pack with both the classic and spiced variety for your first Sir Kensington experience is definitely the way to go.	5
379	B003YXWAF8	A3OOAICYUJT8EL	5	This is ridiculous.  The best gourmet ketchup I have ever tasted.  It is pricey, but wow..love this stuff.  It would make a great gift for someone who is hard to buy for but loves their ketchup.  Yummy!	5
380	B003YXWAF8	AMN6JEQ31G052	5	The tomatoes are the star of the classic flavor.  It is clean and really fresh!  Perfect on an avocado chicken sandwich.<br /><br />The spicy flavor is more complex and is the best ketchup I have ever tried.  It is so good I have now used it on foods that would make me seem crazy!	5
381	B003YXWAF8	A35G909LKGM6R1	3	The spicy version of this ketchup isn't bad, but it is too expensive.  The regular version is sweet as dessert.  Horrible.  Annie's Organic has a much better flavor and costs a lot less.  Even Heinz organic is a better deal.  I gave it three stars instead of two because it is in glass, not plastic.	5
382	B003YXWAF8	A1KQXO716WOOD6	1	These condiments are overpriced and terrible. The classic is disgustingly sweet. The spiced tastes like a bad spicy marinara sauce from a chain restaurant.	5
383	B000UXA3L8	A3AEEQSKFVN9NB	5	I have been using porcini mushrooms in my cooking for twenty plus years. The Roland extra fancy porcinis that I purchased from you are the best that I have ever used, including the mushrooms that I bought in Italy and transported back to the USA.	4
384	B000UXA3L8	A25C2M3QF9G7OQ	5	I was pretty pleased with these mushrooms. They were mostly large pieces, re-hydrated well and had good flavor. I'd estimate about 25% of the contents were broken into medium to small pieces, most likely due to the shaking about in transit. Not a problem since I sometimes break the large pieces into smaller ones for some recipes. There was a small amount (perhaps an ounce or so) of very small/minced-size/dust-like pieces. Still useful to add into gravies and the like. Nothing gets wasted!<br /><br />The label says it is a product of China and Italy. Nothing was specified as to the proportion from each country.<br /><br />I'm quite fond of dried mushrooms. While they may lack the texture you can get only when using fresh ones, the convenience of always having them on hand is a big plus. Additionally, I find the broth used to re-hydrate them adds a wonderful flavor to soups and stews. To save time and add flavor, I sometimes add the dried mushrooms directly into the soup or stew without re-hydrating them. Really helps meld all the flavors together. I also am fond of adding some to the cooking water when boiling pasta. The pasta picks up a wonderful earthy flavor when it cooks in the mushroom-infused water.<br /><br />This was the first time I used the Roland brand (got it on a price dip from the Amazon Warehouse), and would certainly buy them again. Highly recommend.	5
385	B004AVYUOW	A1ZZMVHSLQSE7R	5	If you are a peanut lover, these are for you. Much larger than cocktail peanuts. Six people on my Christmas gift list ask for these every year!!	4
386	B001ESOQAM	A37RRNHOYQ7JPH	5	The cashews were nice and big, with the vast majority being whole.  There were a number of small pieces at the bottom of the bag, but that's pretty expected with so many cashews.  They made an absolutely excellent cashew brittle.<br /><br />My order took just over a week to arrive, which was pretty decent considering it was shipped across the country.  They came double bagged in clear plastic bags, and in two 5 lb portions.  This was highly convenient since I could just throw one of the bags into the freezer until I was ready to work with it.<br /><br />Great value for the price.	5
387	B001ESOQAM	AQDT2YOPW35IU	4	"Although there were several ""shriveled"" ones, they taste just fine.  I mostly use them to make vegan sauces and other recipes that call for running them through a food processor so they don't have to look perfect anyways.  For the price, they are a great deal (about half of what I find them for in the store)"	5
388	B001ESOQAM	A2JH47KQUPWVRO	5	I ordered these after a fair bit of searching online - even ordering the smaller 1-3oz bags. I will admit, I was a bit sceptical when I ordered this since it was not cheap and had no idea how good (or bad) the cashews would be...<br /><br />The order came in pretty fast - like 3 days. The cashews were fresh and whole - with like 10 broken pieces. They were in 2 5lb bags sealed with clear tape.. first I found it odd but then it turned out to be a good deal; considering the second pack stayed fresh till I opened them. The trick is to actually keep them in an air-tight box so that they stay fresh longer.<br /><br />The only negative I can think of is that the price went up abt $5.00 for the 10lb since I bought them.	5
389	B001ESOQAM	A2609IIYREBZRT	5	These nuts arrived fresh and are very tasty.  They are not broken or dirty looking like cashews sometimes can.	4
390	B001ESOQA2	AC8PTTE9SEU9E	4	I bought these for my boyfriend who really likes honey roasted pecans in salads that I have at a couple of restaurants. Plus, he likes nuts, pecans, almonds peanuts. He loved these. I actually ordered 3 cans instead of the gift tin, so he could take one to work, or his place, and stay fresh longer. Although I don't think freshness will be an issue, they won't last long......lol	5
391	B003XT4AV0	A2FZRO46DF0UHN	2	My cat will go for a day, probably longer, haven't tryed it, but he'll walk right by this stuff every time, even when I know he's hungery. ABSOLUTELY NO INTEREST. I swear he'd rather die of starvation then even take a wiff of it!!	5
392	B003XT4AV0	A1FERORG6RB1ZP	5	Got this free with another order I placed.  I couldn't believe how much the cats loved it. I will buy again for sure.	5
393	B001FA1MCO	A1H2R3U6I562W	5	This is a great ham soup base.  I have used it in Ham and beans and seasoned greenbeans.  Great flavor	5
394	B001FA1MCO	A30WKTJDBRD5UA	1	I haven't used the ham base. It is loaded with MSG. I did not realize this when I ordered it and can not return it because it is a food item	5
395	B001ELL6O8	A13T2G4T8LR8XA	5	Before I discover this mix on Amazon I always bought it in Whole Food Store.<br />I like this mix and when I am doing the pancakes they came very delicious and fluffy.<br />Just one small secret: Try to add the Seltzer water instead of regular one.	5
396	B001ELL6O8	A72H1W5S6UFMY	5	I appreciate the fact that I can buy this product online and have free shipping. This is a great all around mix that is very good with a wonderful texture. Thanks again amazon.	5
397	B001ELL6O8	A1PTPN5SY7C7SW	5	Arrowhead Mills Buttermilk Pancake mix is my favorite mix.  It tastes great, cooks up light and fluffy and is super easy to make.  Although it can be made using water, I think it's better made with milk.  I love it with pure organic maple syrup.	5
398	B001ELL6O8	AZ7289G0ILRFF	5	The pancakes taste great without any recipe adjustments for my son's egg allergy.  It's also great for camping or any time you'd like to be able to make pancakes without having fresh eggs available.	5
399	B001ELL6O8	ALSAOZ1V546VT	5	"HEY! These are GREAT Waffles and Pancakes! We have to add 50% more mix, tho, as the recipies on the bag are VERY thin. But we have a lot of fun with this Arrowhead Mills Buttermilk Pancake & Waffle Mix! We serve them ""as is"" with fried eggs and REAL maple syrup, <a href=""http://www.amazon.com/gp/product/B002483TSQ"">Butternut Mountain Farm Vermont Pure Maple Syrup, Grade A Dark Amber, 1 Pint Jug</a>, or with warm strawberry jam and whipped cream, or Cool Whip, or add brown sugar to the mix to change the flavor and make a crispy waffle, or add 1/4 cup sugar and 1/4 cup malted milk powder <a href=""http://www.amazon.com/gp/product/B001EQ4HVC"">Carnation Malted Milk, Original, 13-Ounce Jars (Pack of 3)</a>, for awesome gourmet pancakes and waffles like they serve at the Hilton! Its handy to have extra bags on hand, too, and you cant beat the Subscribe and save price. This mix is 70% ORGANIC, too!"	5
