ProductId,UserId,Score,Text
B001E4KFG0,A3SGXH7AUHU8GW,5,I have bought several of the Vitality canned dog food products and have found them all to be of good quality. The product looks more like a stew than a processed meat and it smells better. My Labrador is finicky and she appreciates this product better than most.
B00813GRG4,A1D87F6ZCVE5NK,1,"Product arrived labeled as Jumbo Salted Peanuts...the peanuts were actually small sized unsalted. Not sure if this was an error or if the vendor intended to represent the product as ""Jumbo""."
B000LQOCH0,ABXLMWJIXXAIN,4,"This is a confection that has been around a few centuries. It is a light, pillowy citrus gelatin with nuts - in this case Filberts. And it is cut into tiny squares and then liberally coated with powdered sugar. And it is a tiny mouthful of heaven. Not too chewy, and very flavorful. I highly recommend this yummy treat. If you are familiar with the story of C.S. Lewis' ""The Lion, The Witch, and The Wardrobe"" - this is the treat that seduces Edmund into selling out his Brother and Sisters to the Witch."
B000UA0QIQ,A395BORC6FGVXV,2,If you are looking for the secret ingredient in Robitussin I believe I have found it. I got this in addition to the Root Beer Extract I ordered (which was good) and made some cherry soda. The flavor is very medicinal.
B006K2ZZ7K,A1UQRSCLF8GW1T,5,"Great taffy at a great price. There was a wide assortment of yummy taffy. Delivery was very quick. If your a taffy lover, this is a deal."
B006K2ZZ7K,ADT0SRK1MGOEU,4,"I got a wild hair for taffy and ordered this five pound bag. The taffy was all very enjoyable with many flavors: watermelon, root beer, melon, peppermint, grape, etc. My only complaint is there was a bit too much red/black licorice-flavored pieces (just not my particular favorites). Between me, my kids, and my husband, this lasted only two weeks! I would recommend this brand of taffy -- it was a delightful treat."
B006K2ZZ7K,A1SP2KVKFXXRU1,5,"This saltwater taffy had great flavors and was very soft and chewy. Each candy was individually wrapped well. None of the candies were stuck together, which did happen in the expensive version, Fralinger's. Would highly recommend this candy! I served it at a beach-themed party and everyone loved it!"
B006K2ZZ7K,A3JRGQVEQN31IQ,5,This taffy is so good. It is very soft and chewy. The flavors are amazing. I would definitely recommend you buying it. Very satisfying!!
B000E7L2R4,A1MZYO9TZK0BBI,5,Right now I'm mostly just sprouting this so my cats can eat the grass. They love it. I rotate it around with Wheatgrass and Rye too
B00171APVA,A21BT40VZCCYT4,5,This is a very healthy dog food. Good for their digestion. Also good for small puppies. My dog eats her required amount at every feeding.
B0001PB9FE,A3HDKO7OW0QNK4,5,"I don't know if it's the cactus or the tequila or just the unique combination of ingredients, but the flavour of this hot sauce makes it one of a kind! We picked up a bottle once on a trip we were on and brought it back home with us and were totally blown away! When we realized that we simply couldn't find it anywhere in our city we were bummed.
Now, because of the magic of the internet, we have a case of the sauce and are ecstatic because of it.
If you love hot sauce..I mean really love hot sauce, but don't want a sauce that tastelessly burns your throat, grab a bottle of Tequila Picante Gourmet de Inclan. Just realize that once you taste it, you will never want to use any other sauce.
Thank you for the personal, incredible service!"
B0009XLVG0,A2725IB4YY9JEB,5,"One of my boys needed to lose some weight and the other didn't. I put this food on the floor for the chubby guy, and the protein-rich, no by-product food up higher where only my skinny boy can jump. The higher food sits going stale. They both really go for this food. And my chubby boy has been losing about an ounce a week."
B0009XLVG0,A327PCT23YH90,1,"My cats have been happily eating Felidae Platinum for more than two years. I just got a new bag and the shape of the food is different. They tried the new food when I first put it in their bowls and now the bowls sit full and the kitties will not touch the food. I've noticed similar reviews related to formula changes in the past. Unfortunately, I now need to find a new food that my cats will eat."
B001GVISJM,A18ECVX2RJ7HUE,4,good flavor! these came securely packed... they were fresh and delicious! i love these Twizzlers!
B001GVISJM,A2MUGFV2TDQ47K,5,The Strawberry Twizzlers are my guilty pleasure - yummy. Six pounds will be around for a while with my son and I.
B001GVISJM,A1CZX3CP8IKQIJ,5,My daughter loves twizzlers and this shipment of six pounds really hit the spot. It's exactly what you would expect...six packages of strawberry twizzlers.
B001GVISJM,A3KLWF6WQ5BNYO,2,I love eating them and they are good for watching TV and looking at movies! It is not too sweet. I like to transfer them to a zip lock baggie so they stay fresh so I can take my time eating them.
B001GVISJM,AFKW14U97Z6QO,5,I am very satisfied with my Twizzler purchase. I shared these with others and we have all enjoyed them. I will definitely be ordering more.
B001GVISJM,A2A9X58G2GTBLP,5,"Twizzlers, Strawberry my childhood favorite candy, made in Lancaster Pennsylvania by Y & S Candies, Inc. one of the oldest confectionery Firms in the United States, now a Subsidiary of the Hershey Company, the Company was established in 1845 as Young and Smylie, they also make Apple Licorice Twists, Green Color and Blue Raspberry Licorice Twists, I like them all
I keep it in a dry cool place because is not recommended it to put it in the fridge. According to the Guinness Book of Records, the longest Licorice Twist ever made measured 1.200 Feet (370 M) and weighted 100 Pounds (45 Kg) and was made by Y & S Candies, Inc. This Record-Breaking Twist became a Guinness World Record on July 19, 1998. This Product is Kosher! Thank You"
B001GVISJM,A3IV7CL2C13K2U,5,Candy was delivered very fast and was purchased at a reasonable price. I was home bound and unable to get to a store so this was perfect for me.
B001GVISJM,A1WO0KGLPR5PV6,5,"My husband is a Twizzlers addict. We've bought these many times from Amazon because we're government employees living overseas and can't get them in the country we are assigned to. They've always been fresh and tasty, packed well and arrive in a timely manner."
B001GVISJM,AZOF9E17RGZH8,5,"I bought these for my husband who is currently overseas. He loves these, and apparently his staff likes them also.
There are generous amounts of Twizzlers in each 16-ounce bag, and this was well worth the price. Twizzlers, Strawberry, 16-Ounce Bags (Pack of 6)"
B001GVISJM,ARYVQL4N737A1,5,I can remember buying this candy as a kid and the quality hasn't dropped in all these years. Still a superb product you won't be disappointed with.
B001GVISJM,AJ613OLZZUG7V,5,I love this candy. After weight watchers I had to cut back but still have a craving for it.
B001GVISJM,A22P2J09NJ9HKE,5,"I have lived out of the US for over 7 yrs now, and I so miss my Twizzlers!! When I go back to visit or someone visits me, I always stock up. All I can say is YUM!
Sell these in Mexico and you will have a faithful buyer, more often than I'm able to buy them right now."
B001GVISJM,A3FONPR03H3PJS,5,"Product received is as advertised.
Twizzlers, Strawberry, 16-Ounce Bags (Pack of 6)"
B001GVISJM,A3RXAU2N8KV45G,1,"The candy is just red , No flavor . Just plan and chewy . I would never buy them again"
B001GVISJM,AAAS38B98HMIK,4,"I was so glad Amazon carried these batteries. I have a hard time finding them elsewhere because they are such a unique size. I need them for my garage door opener.
Great deal for the price."
B00144C10S,A2F4LZVGFLD1OB,5,"I got this for my Mum who is not diabetic but needs to watch her sugar intake, and my father who simply chooses to limit unnecessary sugar intake - she's the one with the sweet tooth - they both LOVED these toffees, you would never guess that they're sugar-free and it's so great that you can eat them pretty much guilt free! i was so impressed that i've ordered some for myself (w dark chocolate) to take to the office so i'll eat them instead of snacking on sugary sweets.
These are just EXCELLENT!"
B003F6UO7K,AFM0O9480F04W,5,"I have never been a huge coffee fan. However, my mother purchased this little machine and talked me into trying the Latte Macciato. No Coffee Shop has a better one and I like most of the other products, too (as a usually non-coffee drinker!).
The little Dolche Guesto Machine is super easy to use and prepares a really good Coffee/Latte/Cappuccino/etc in less than a minute (if water is heated up). I would recommend the Dolce Gusto to anyone. Too good for the price and I'am getting one myself! :)"
B003F6UO7K,A31OQO709M20Y7,5,"This offer is a great price and a great taste, thanks Amazon for selling this product.
Staral"
B001EO5QW8,AOVROBZ8BNTP7,4,"McCann's Instant Oatmeal is great if you must have your oatmeal but can only scrape together two or three minutes to prepare it. There is no escaping the fact, however, that even the best instant oatmeal is nowhere near as good as even a store brand of oatmeal requiring stovetop preparation. Still, the McCann's is as good as it gets for instant oatmeal. It's even better than the organic, all-natural brands I have tried. All the varieties in the McCann's variety pack taste good. It can be prepared in the microwave or by adding boiling water so it is convenient in the extreme when time is an issue.
McCann's use of actual cane sugar instead of high fructose corn syrup helped me decide to buy this product. Real sugar tastes better and is not as harmful as the other stuff. One thing I do not like, though, is McCann's use of thickeners. Oats plus water plus heat should make a creamy, tasty oatmeal without the need for guar gum. But this is a convenience product. Maybe the guar gum is why, after sitting in the bowl a while, the instant McCann's becomes too thick and gluey."
B001EO5QW8,A3PMM0NFVEJGK9,4,"This is a good instant oatmeal from the best oatmeal brand. It uses cane sugar instead of high fructouse corn syrup, so not only does it have a better sweetness, but some doctors now say that this form of sugar is better for you. Great on a cold morning when you don't have time to make McCann's Steel Cut Oats. The apple cinnamon is the best but the maple and brown sugar or the regular are good too. Plus they don't require doctoring to actually tell the three flavors apart."
B001EO5QW8,A2EB6OGOWCRU5H,5,"Instant oatmeal can become soggy the minute the water hits the bowl. McCann's Instant Oatmeal holds its texture, has excellent flavor, and is good for you all at the same time. McCann's regular oat meal is excellent, too, but may take a bit longer to prepare than most have time for in the morning. This is the best instant brand I've ever eaten, and a very close second to the non-instant variety.
McCann's Instant Irish Oatmeal, Variety Pack of Regular, Apples & Cinnamon, and Maple & Brown Sugar, 10-Count Boxes (Pack of 6)"
B001EO5QW8,A2CI0RLADCRKPF,4,"McCann's Instant Irish Oatmeal, Variety Pack of Regular, Apples & Cinnamon, and Maple & Brown Sugar, 10-Count Boxes (Pack of 6)
I'm a fan of the McCann's steel-cut oats, so I thought I'd give the instant variety a try. I found it to be a hardy meal, not too sweet, and great for folks like me (post-bariatric surgery) who need food that is palatable, easily digestible, with fiber but won't make you bloat."
B001EO5QW8,A1MYS9LFFBIYKM,5,"For those of us with celiac disease this product is a lifesaver and what could be better than getting it at almost half the price of the grocery or health food store! I love McCann's instant oatmeal - all flavors!!!
Thanks,
Abby"
B001EO5QW8,A3MGP2E1ZZ6GRB,5,"What else do you need to know? Oatmeal, instant (make it with a half cup of low-fat milk and add raisins;nuke for 90 seconds). More expensive than Kroger store brand oatmeal and maybe a little tastier or better texture or something. It's still just oatmeal. Mmm, convenient!"
B001EO5QW8,A2GHZ2UTV2B0CD,4,"I WAS VISITING MY FRIEND NATE THE OTHER MORNING FOR COFFEE , HE CAME OUT OF HIS STORAGE ROOM WITH ( A PACKET OF McCANNS INSTANT IRISH OATMEAL .) HE SUGGESTED THAT I TRY IT FOR MY OWN USE ,IN MY STASH . SOMETIMES NATE DOSE NOT GIVE YOU A CHANCE TO SAY NO , SO I ENDED UP TRYING THE APPLE AND CINN . FOUND IT TO BE VERY TASTEFULL WHEN MADE WITH WATER OR POWDERED MILK . IT GOES GOOD WITH O.J. AND COFFEE AND A SLICE OF TOAST AND YOUR READY TO TAKE ON THE WORLD...OR THE DAY AT LEAST.. JERRY REITH..."
B001EO5QW8,AO80AC8313NIZ,5,"I ordered this for my wife as it was reccomended by our daughter. She has this almost every morning and likes all flavors. She's happy, I'm happy!!!
McCANN'S Instant Irish Oatmeal, Variety Pack of Regular, Apples & Cinnamon, and Maple & Brown Sugar, 10-Count Boxes (Pack of 6)"
B001EO5QW8,AQCY5KRO7489S,5,"The variety packs taste great!
I have them every morning. At $0.30 cents per meal, I don't understand why everyone on earth isn't buying this stuff up.
Maple and brown sugar is terrific, followed by apples and cinnamon, followed by regular. You don't get tired of the same ole thing, and they taste great.
I just boil water from a small pot, empty the packet or 2 in a bowl, pour in boiling water, and watch it expand to 2x its size!
Taste really good and takes minutes to prepare.
Not sure why everyone on earth isn't this. Convenient, healthy, very quick, excellent quality, and extremely cheap..."
B001EO5QW8,A1WK4ALVZDYPUE,5,"McCann's makes oatmeal for every oatmeal connoisseur, whether one likes it from the raw pellet state that cooks for half an hour, to the sloth addled instant, which can be done in the microwave for under three minutes. It's all good, that's for sure, and the beauty of the instant variety is that it is available in different flavors as well as regular.
This variety pack allows different tastes to be explored, as well as giving you a chance to experience the difference between McCann's and other well-known oatmeals. What I personally like about McCann's is that it cooks up thicker and with more body than the top brand here in America. The Apples & Cinnamon, though, tends to be a little liquidy so you may want to experiment with the amount of water you add. In my 1300watt microwave the oatmeal cooks up in about one minute and twenty-seven seconds, so you should also watch that to get a handle on how much time and water to use.
The only bad thing -- if you can consider it a bad thing -- about this offering is that you have to buy in lot so you'll end up with six ten-count boxes. This is good if you have a whole family of oatmeal-eaters, but if you're a single person alone -- well, love oatmeal."
B001EO5QW8,A16XFOYQSJREL7,5,"I have McCann's Oatmeal every morning and by ordering it from Amazon I am able to save almost $3.00 per box.
It is a great product. Tastes great and very healthy"
B001EO5QW8,A17DW6SUOC70DJ,5,"McCann's Oatmeal is a good quality choice. Our favorite is the Apples and Cinnamon, but we find that none of these are overly sugary. For a good hot breakfast in 2 minutes, this is excellent."
B001EO5QW8,A2G7B7FKP2O2PU,5,"We really like the McCann's steel cut oats but find we don't cook it up too often.
This tastes much better to me than the grocery store brands and is just as convenient.
Anything that keeps me eating oatmeal regularly is a good thing."
B001EO5QW8,A39Z97950MCTQE,3,"This seems a little more wholesome than some of the supermarket brands, but it is somewhat mushy and doesn't have quite as much flavor either. It didn't pass muster with my kids, so I probably won't buy it again."
B001EO5QW8,AQLL2R1PPR46X,5,Good oatmeal. I like the apple cinnamon the best. Though I wouldn't follow the directions on the package since it always comes out too soupy for my taste. That could just be me since I like my oatmeal really thick to add some milk on top of.
B001EO5QW8,A26AY1TFK8BQXQ,3,"The flavors are good. However, I do not see any differce between this and Oaker Oats brand - they are both mushy."
B001EO5QW8,ALOR97KTZTK1P,4,"I really like the Maple and Brown Sugar flavor. The regular is fine with brown sugar added. The Apples and Cinnamon flavor is OK. This is a very quick, easy and satisfying breakfast and I'll order this brand again, but not the variety. I'll get all Maple and Brown Sugar."
B001EO5QW8,A276999Y6VRSCQ,3,This is the same stuff you can buy at the big box stores. There is nothing healthy about it. It is just carbs and sugars. Save your money and get something that at least has some taste.
B001EO5QW8,A108P30XVUFKXY,1,"This oatmeal is not good. Its mushy, soft, I don't like it. Quaker Oats is the way to go."
B000G6RPMY,A3S5KJDA6ED2PS,5,"Got a free package of these with a bottle of bloody mary mix I bought from the seller, and the advertising worked..lol, I tried them, and shared them with 2 buddies, and we all loved them... So im here to buy more, and noticed there were no reviews yet,... well now there is. They are Hot, but not ""burn your mouth forever hot"" its a nice temp... Perfect for us.."
B000G6RPMY,A9L6L5H9BPEBO,4,"This wasn't in stock the last time I looked. I had to go to the Vermont Country Store in Weston to find it along with a jaw harp, Cranberry Horseradish Sauce, Fartless Black Bean Salsa, Apple Cider Jelly, Newton's Cradle Art in Motion and the staple Vermont Maple Syrup.
Back to the Ass Kickin Peanuts. They are hot. They will activate the perspiration glands behind your ears and under your arms. It requires a beverage as advertised, a glass of very cold milk, and a box of Kleenex since it will make your nose run. They look like ordinary peanuts which is already giving me ideas for work. I suspect that some people have been hitting my goodies in my absence, especially my colleague Greg. I'm going to take this to work at earliest opportunity and empty the contents of this can into an ordinary Planters Peanuts can, and then see whose crying or whose nose is running when I return.
The can should be shaken to ensure the spices are evenly distributed. It is important to wash your hands after consumption and not touch the eyes.
You'll go nuts over these Ass-Kickin' Peanuts.
P.S. I'm not sharing the peanuts, not deliberately, and I'll probably give Greg the jaw harp for Christmas. He'll be so insulted."
B000G6RPMY,AQ9DWWYP2KJCQ,3,we're used to spicy foods down here in south texas and these are not at all spicy. doubt very much habanero is used at all. could take it up a notch or two.
B002GWHC0G,A1ND7WC5LXOU48,4,"I roast at home with a stove-top popcorn popper (but I do it outside, of course). These beans (Coffee Bean Direct Green Mexican Altura) seem to be well-suited for this method. The first and second cracks are distinct, and I've roasted the beans from medium to slightly dark with great results every time. The aroma is strong and persistent. The taste is smooth, velvety, yet lively."
B002GWHC0G,A2EFAW1P3DRXWO,5,"We roast these in a large cast iron pan on the grill (about 1/3 of the bag at a time). The smell is wonderful and the roasted beans taste delicious too. More importantly, the coffee is smooth; no bitter aftertaste. On numerous occasions, we've had to send the roasted beans home with friends because they like it so much."
B004N5KULM,A202WR509428VF,5,Deal was awesome! Arrived before Halloween as indicated and was enough to satisfy trick or treaters. I love the quality of this product and it was much less expensive than the local store's candy.
B004N5KULM,ASCNNAJU6SXF8,5,"It is chocolate, what can I say. Great variety of everything our family loves. With a family of six it goes fast here. Perfect variety. Kit Kat, Reeses, take five and more."
B004N5KULM,A2A7KXM9B4XW90,5,"Great product, nice combination of chocolates and perfect size! The bags had plenty, and they were shipped promptly. The kids in the neighborhood liked our candies!"
B004N5KULM,A2QOGOXPOVKAJG,5,"Halloween is over but, I sent a bag to my daughters class for her share. The chocolate was fresh and enjoyed by many."
B004N5KULM,A1ZR8O62VSU4OK,3,"Watch your prices with this. While the assortment was good, and I did get this on a gold box purchase, the price for this was
$3-4 less at Target."
B004N5KULM,A7ZK2A3VIW7X9,5,"This bag of candy online is pretty expensive, it should be cheaper in order to compete with grocery stores, other than that, its a good combination of my favorite candy"
B001EO5TPM,A1E09XGZUR78C6,1,Arrived in 6 days and were so stale i could not eat any of the 6 bags!!
B005DUM9UQ,A3HR0ZZOFKQ97N,5,"I have used the endurolyte product for several years in both pill and powder form. Long desert rides on the dirt bike always found my camelbak water heavily laced with the endurolyte powder, not overly tasty, but quite effective, as I never got a cramp on these several hundred mile rides. Same for desert racing in the buggy, the camelbaks were always laced with the powder. Now we have the Fizz...what a great product! Firstly, its Hammer's endurolyte product so it's great, endurance athlete's the world over use their products. Second its convenient, handly tablets that dissovle in a fizz. Third it tastes great! Imagine getting a nice cool drink when your body is starving for hydration and electrolytes and rather than getting a ""salty"" taste, you get a refreshing lemon-lime or mango! The camelbaks always get the Fizz now. I also drop a tablet in my bottled water whenever I exercise and have a nice flavored water chock full of electrolytes. I cannot recommend this product or any hammer product highly enough."
B005DUM9UQ,A2XIHNXODNZGV4,5,"This product serves me well as a source of electrolytes during and after a long run or bike ride.
I have tried all of the flavors but really do like the grapefruit flavor... no after-taste and I actually like the slight carbonation.
I use other Hammer products and really like their whole product line."
B005DUM9UQ,A3TWF9DQ6MU87E,5,This stuff really works for preventing cramping during the middle to latter stages of your rides. Pop 1 into each water bottle and you're set. Flavor is fine and goes down easy.
B005DUM9UQ,AEFIZIJ1FK1BK,5,"For those of us on a low carb diet these little tablets are just the thing.
Two years ago I started cycling again after many years but was having heart arrhythmia after longer rides in high heat. I was drinking plain water but did a little research and thought electrolytes might be the issue. Gatorade wasn't an option because it is so loaded with carbohydrates so I looked around for a low-carb alternative. The ""zero carb"" sports drinks didn't help so what to do? One day I ran across these at my bike shop so tried a tube of them.....voila!...problem solved!!
I've shared them with two friends in particular whose problems with leg cramps were resolved while using these.
These guys got it right -- they are superbly formulated and simply work....."
B005DUM9UQ,A8OFFIAL6XTOH,2,"I purchased the Mango flavor, and to me it doesn't take like Mango at all. There is no hint of sweetness, and unfortunately there is a hint or aftertaste almost like licorice. I've been consuming various sports nutrition products for decades, so I'm familiar and have come to like the taste of the most of the products I've tried. The mango flavor is one of the least appealing I've tasted. It's not terrible, but it's bad enough that I notice the bad taste every sip I take."
B000E7VI7S,A1KL2LAW08X6UQ,3,"If you're impulsive like me, then $6 is ok. Don't get me wrong, the quality of these babies is very good and I have no complaints. But in retrospect, the price is a little ridiculous (esp. when you add on the shipping)."
B000E7VI7S,AWCBF2ZWIN57F,5,this was sooooo deliscious but too bad i ate em too fast and gained 2 pds! my fault
B001GVISJC,A27TKQHFW0FB5N,5,"These Albanese gummi bears and rings and so on are very good and tasty and high quality. The bears even have little faces. At my local candy store this type of gummi stuff (bears, rings, snakes, balls, worms, whatever) are about $10/lb. These twin packs of 4.5 or 5 pound bags is a screaming deal as far as I'm concerned. I'm probably 50 pounds deep in these friggin' things. Consumed!"
B001GVISJC,A3BDOAPSF96WGQ,5,"Grape gummy bears are hard to find in my area. In fact pretty much anyone I talk to about grape gummy bears they think I'm lying. So I bought 10lbs... : ) These bears are a little bit bigger then the other brands and have kind of sour kick, but nothing to strong. I love grape flavored candy/soda and these are pretty good. There is another company that makes grape gummy bears that are a little bit better in my opinion, but these are well worth it for the price. I like to use the gummy bears in home made Popsicles with flavored sports drink. The salt in the sports drink makes for softer popsicles, and the gummy bears are awesome frozen. They are delicious!"
B006SQBRMA,ATYMT48R62ENE,5,"I ordered two of these and two of raspberry latice tarts directly from FantasiCakes website for a dinner party I was hosting. It arrived fresh and intact. Very good size. I froze half for later use. I am a pastry lover and these were the best I've ever tasted. The pastry was soft, the jam was really good and the taste was great. They were gone in no time. My guests were really impressed."
B0059WXJKM,A25VFHVGI4CFTP,1,"Buyer Beware Please! This sweetener is not for everybody. Maltitol is an alcohol sugar and can be undigestible in the body. You will know a short time after consuming it if you are one of the unsuspecting many who cannot digest it by the extreme intestinal bloating and cramping and massive amounts of gas a person can experience. Nausea, diarrhea & headaches can also be experienced. I learned my lesson the hard way years ago when I fell in love with the sugar-free chocolates suzanne sommers used to sell. I thought I'd found sugar-free chocolate nirvana at first taste but the bliss was short lived when the terrible side effects of maltitol kicked in. The discomfort was unlike anything I had ever felt before. I blew up like a balloon and had very painful abdominal cramping. As the symptoms passed, this too was very unpleasant. Though hard for me to believe a low calorie sweetener could be the culprit, all symptoms were gone when I stopped eating the chocolate. My hunch it had something to do with the maltitol were unfortunately confirmed for me about a year later when I purchased some delicious sugar-free popcorn at my local market. The taste was amazing and while I was looking at the label wondering what could possibly make this yummy, new sugarfree treat taste so good, my heart sank when I followed the little asterisk next to sugarfree sweetener* down to the very bottom of the label and read ""maltitol"" in tiny little letters! Thank goodness I'd eaten only a little. I still ended up with all the same side-effects but for a much shorter duration. Some people can use maltitol to their heart's content but others, like me, can have a bad reaction to it. In case you're like me, ... it's not you ...it's the maltitol!"
B001EPPI84,A3Q0IDQ03S0158,2,It is okay. I would not go out of my way to buy it again
B001EPPI84,A27TZ4WBU7N0YF,1,No tea flavor at all. Just whole brunch of artifial flavors. It is not returnable. I wasted 20+ bucks.
B004X2KR36,A2W3ABLWMJ84NS,5,"These looked like a perfect snack to through in with my trail mix. Unfortunately, they arrived in a solid mass of melted chocolate. I left them in my pantry for a few days, and when I opened them at room temperature they were still gooey. I through them in the fridge and I've been breaking off hunks ever since. They taste good to me, but the chocolate is all grainy after melting and then solidifying again. I won't order them online again, but if I see them in a store I would pick them up."
B004X2KR36,A26M5O53PHZTKN,5,These taste really good. I have been purchasing a different brand and these are very similar in taste and texture. I agree with the other reviewer regarding ordering in the summer. There is no insulating packaging with ice packs so they will melt in warm weather like all chocolate food items. Order in cold weather and buy enough to last!!!
B004X2KR36,A2AB7M9UCNBVN7,3,"The taste was great, but the berries had melted. May order again in winter. If you order in cold weather you should enjoy flavor."
B005R8JE8O,A3H1EQD2PBC085,5,"i know i cannot make tea this good. granted, i am not from the south but i know i have never enjoyed tea that was this sweet without being too sweet. it tastes crisp."
B0066DMI6Y,AB30HQTI5VOLR,5,This peppermint stick is delicious and fun to eat. My dad got me one for Christmas because he remembered me having a similar one when I was a little girl. I'm 30 now and I love it!
B0066DMI6Y,AZLONLC8OZPEC,4,"Great gift for all ages! I purchased these giant canes before and the recipients loved them so much, they kept them and would not eat them."
B003ZFRKGO,A2VOZX7YBT0D6D,5,"I know the product title says Molecular Gastronomy, but don't let that scare you off. I have been looking for this for a while now, not for food science, but for something more down to earth. I use it to make my own coffee creamer.
I have to have my coffee blonde and sweet - but the flavored creamers are full of the bad kinds of fat, and honestly, I hate to use manufactured ""food"" items. I really don't think they are good for the body. On the other hand, I hate using cold milk or cream, because I like HOT coffee.
I stumbled across this on Amazon one day and got the idea of making my own creamer. I also bought low-fat (non-instant) milk powder and regular milk powder. The non-instant lowfat milk is a little sweeter and tastes fresher than regular instant low-fat milk, but does not dissolve good in cold water - which is not a problem for hot coffee. You will have to play with the ratios - I would not do just the heavy cream, it made the coffee too rich. Also, I think the powder is too expensive to just use on it's own. I like mixing 1/3 of each together.
For flavoring, I bough cocoa bean powder, vanilla bean powder, and caster (superfine) sugar. I mix up small batches along with spices like cinnamon and nutmeg to make my own flavored creamers. If you wanted, you could use a fake sweetner powder instead. I make up small amounts that I store in jelly canning jars. I also use my little food chopper/food processor to blend everything, so the sugar is not heavier and sinks to the bottom. Let it settle for a bit before opening the top though.
This stuff tastes WAY better than the storebought creamers and it is fun to experiment and come up with your own flavors. I am going to try using some essential oils next and see if I can get a good chocolate/orange mix.
All of the ingredients I mentioned are here online. Take the time to experiment. Maybe you don't use any low-fat milk. Or don't add any flavorings. It is up to you. Also, would make great housewarming/host(ess) gifts.
I am sure other molecular people will be able to tell you more of what you can do with it, and I am sure I will experiment with it in cooking - but the main reason I bought it was to make my own creamer and it worked out great."
B0019CW0HE,A1FD9E5C06UB6B,3,"While my dogs like all of the flavors that we have tried of this dog food, for some reason their itching increased when I tried the lamb and rice. I have some very itchy dogs and am giving them a limited ingredient dog food to try to help. The duck and sweet potato cut down on the itching significantly, but when we tried lamb and rice they started itching more once again. I like Natural Balance for the quality ingredients."
B0019CW0HE,AK2CXHH9VRZ2A,3,"Awesome dog food. However, when given to my ""Boston"", who has severe reactions to some food ingredients; his itching increased to violent jumping out of bed at night, scratching. As soon as I changed to a different formula, the scratching stopped. So glad Natural Balance has other choices. I guess you have to try each, until you find what's best for your pet."
B0019CW0HE,A25BGFRHYHEZKK,5,"We have three dogs and all of them love this food! We bought it specifically for one of our dogs who has food allergies and it works great for him, no more hot spots or tummy problems.
I LOVE that it ships right to our door with free shipping."
B0019CW0HE,A37N9XZBB8JYOF,5,"My dog has a ton of allergies both environmental and food. She was on a prescription dog food before we had her tested to see what allergies she has. After we got the test back, we learned she was allergic to something in the prescription brand. So I finally found this dog food and she has done so well on this! She still has her environmental triggers, but I am happy she can finally eat something I know won't cause her pain."
B0019CW0HE,A1T4L0Q47OZ9N,5,My shepherd/collie mix has IBS. Our vet recommended a limited ingredient food. This has really helped her symptoms and she likes it. I will always buy it from Amazon...it's $10 cheaper and free shipping!
B0019CW0HE,A3IMXZE9FCUNOC,5,Natural Balance Dry Dog Food Lamb Meal and Brown Rice Recipe did wonders for my Jack Russell. She has awful food allergy's and this food was our last hope because it was the last food we could find that didn't have SOMETHING in it that she was allergic to. She has no problem eating it dry but normally I mix the Natural Balance Dry Lamb and Brown Rice with the Natural Balance Wet Lamb and Brown Rice.. she seems to like that better. We started feeding it to our other dog (a Bichon) too and she loves it. If your dog has allergy's or stomach issue.. or if you want your dog to eat better food-- this is it! You will see a difference in your pet.
B0019CW0HE,A1EC57S6C2VLTL,5,"Great food! I love the idea of one food for all ages & breeds. ÃŽt's a real convenience as well as a really good product. My 3 dogs eat less, have almost no gas, their poop is regular and a perfect consistency, what else can a mom ask for!!"
B0019CW0HE,A1OGD72Y2Y26CF,5,I have a standard poodle and pomeranian who both do wonderful on this food. I have switched them to a different food (due to price) a couple of times and end up going right back to natural balance.
B0019CW0HE,A7JWCYVPF7KCO,5,"This is great dog food, my dog has severs allergies and this brand is the only one that we can feed him."
B0019CW0HE,ABG53EBZBKD23,5,This food is great - all ages dogs. I have a 3 year old and a puppy. They are both so soft and hardly ever get sick. The food is good especially when you have Amazon Prime shipping :)
B0019CW0HE,A3AF72GP4GVRY1,5,"My golden retriever is one of the most picky dogs I've ever met. After experimenting with various types of food, I have found she loves natural balance. What I really like about natural balance is the fact that it has multiple flavors in dry and wet varieties. I mix her dry food with a little wet food and my golden loves it. Furthermore, I do like mixing up the flavors each time as I think the same meal day over day might get a little boring, so I figured why not. I tend to stay away from the fish type though as it smells...
Additionally, I started purchasing off Amazon because Petco didn't have the wet food box and only had a couple of cans. I came home and to my surprise realized that I could save $20 each time I bought dog food if I just buy it off Amazon.
All in all, I definitely recommend and give my stamp of approval to natural balance dog food. While I have never eaten it, my dog seems to love it."
B0019CW0HE,A1DJAAKLPCJRZD,5,This is the same food we get at pet store. But it's delivered to my door! And for the same price or slightly less.
B0019CW0HE,A1BFNM27629VAV,5,I've been very pleased with the Natural Balance dog food. Our dogs have had issues with other dog foods in the past and I had someone recommend Natural Balance grain free since it is possible they were allergic to grains. Since switching I haven't had any issues. It is also helpful that have have different kibble size for larger/smaller sized dogs.
B0019CW0HE,A18AAABCIJKC5Q,5,"My 1-1/2 year old basenji/jack russell mix loves this dog food. He's been noticeably healthier and more energetic since I switched him over from the standard dog foods earlier this year. Despite the higher cost of natural dog foods, I find that he eats significantly less of the Natural Balance dog foods and still stays happy and full. On the normal dog foods, he'd eat up to 3 cups of dog food a day (the recommended serving for his size), whereas he only eats about 1 cup to 1-1/2 cup of the Natural Balance dog food a day. When you take this into account, you're actually getting more ""bang for your buck"" with the natural dog foods since you don't have to buy as much to last just as long as the normal dog foods... and a healthier, happier dog, to boot! Add in the fact that you can get free, 2-day shipping with Amazon Prime... I'm sold!!"
B0019CW0HE,A3UII2114114PI,5,"Our pup has experienced allergies in forms of hotspots and itching from other dog foods. The cheap 'you can buy it anywhere' food not only have crazy preservatives in them but can cause health problems for your pets. This food works wonders on reducing allergies and our dog loves the food.
This message is RAMSEY FrAnkenSteiN approved."
B0019CW0HE,ABZ9F0D94YK45,5,"My English Bulldog had skin allergies the summer we got him at age 3. The vet recommended we wean him off the food his previous owner gave him (Iams Lamb and Rice) and onto a new kind. This was the second one we tried, and it has been working ever since. It's for dogs that need a limited diet who can be sensitive to additives and proteins commonly found in commercial dog food (like chicken or beef)."
B0019CW0HE,A2P6ACFZ8FTNVV,1,"I fed this to my Golden Retriever and he hated it. He wouldn't eat it, and when he did, it gave him terrible diarrhea. We will not be buying this again. It's also super expensive."
B004K2IHUO,A1SYSKR79LA2CB,5,"The mouth says, ""How do I love thee, let me count the ways...""
If you like apple products a must have item. The only draw back, shipping cost. These are very heavy."
B004K2IHUO,A3D1TXE98KRKYO,4,"Arrived slightly thawed. My parents wouldn't accept it. However, the company was very helpful and issued a full refund."
B004K2IHUO,AVCA516CFZ9HF,4,"The crust on these tarts are perfect. My husband loves these, but I'm not so crazy about them. They are just too sour/tart for my taste. I'll eat the crust and hubby takes my filling. My kids think they're great, so maybe it's just me."
B004K2IHUO,A1P21J0DMTVGS7,5,"These are absolutely scrumptuous! My husband and I both love them, however, as another customer put it, they are expensive to ship! The cost of shipping is more than the tartlets themselves are!"
B004K2IHUO,AL3E5V6MXO9B0,5,What a nice alternative to an apple pie. Love the fact there was no slicing and dicing. Easy to prepare. I also loved the fact that you can make them fresh whenever needed.
B004K2IHUO,A2O9G2521O626G,5,I like Creme Brulee. I loved that these were so easy. Just sprinkle on the sugar that came with and broil. They look amazing and taste great. My guess thought I really went out of the way for them when really it took all of 5 minutes. I will be ordering more!
B004K2IHUO,A1ZKFQLHFZAEH9,3,not what I was expecting in terms of the company's reputation for excellent home delivery products
B001REEG6C,A30835UIR6F8KB,5,"I first bought pickled asparagus at an Amish market and it was love at first bite. Hence, when I saw these on the discount rack at the local Safeway I cleaned it out. These are even better than the ones from the Amish market. They are fantastic, and some of the jars have a bonus clove of garlic at the bottom. I'm going to order the six pack and I'm a household of one. They wont go to waste!"
B001REEG6C,A10EHUTGNC4BGP,5,"I love asparagus. Up until very recently, I had never had pickled asparagus. Oh my goodness, when a friend introduced me to this exact brand, I couldn't believe how great stuff tasted. I loved it so much I bought the six pack. I've got 2 jars left. Gonna need more!!"
B001REEG6C,AY12DBB0U420B,5,"I'm presently on a diet and I was at my Fresh and Easy Neighborhood Grocery looking over possible diet foods. I wanted things that were tasty, non-fat and low in calories. I came home with about a dozen items. That's how I discovered the Tillen Farms Pickled Crispy Asparagus. Well, I've always liked asparagus anyway and I've enjoyed several brands of pickled asparagus. This Tillen Farms brand is really, really good! It's the best I can recall. There's an excellent flavor and a big clove of garlic down in the bottom of the jar which I'm looking forward to eating. I can't believe how good this asparagus tastes and right on the front it says ""only 60 calories per jar!"" Now this is my idea of a good diet food!
Gary Peterson"
B000J0HIT2,A1VKJN5Y1C7S5Y,2,"I was diappointed in the flavor and texture of this mix. I usually like most of the Low Carb things I have tried, but was diappointed in this specific one."
B0037LW78C,A3VEYLW2KPZNGK,5,I have been drinking this tea for a long time now. I used to have to purchase it at a doctor's office because it wasn't available elsewhere. I'm so glad that I can buy it now from Amazon.com. I drink this tea throughout the day like other folks drink coffee. Wonderful taste.
B0037LW78C,A2F65U0UDY7TAW,5,"I have been drinking Royal King 100% Natural Organic Green Tea (100 tea bags x 2g each) as my every day tea for several years now. I buy 12 boxes at a time to save on shipping. For many years I used to drink coffee from morning till night. But finally I realized that drinking so much coffee was not healthy for me. I finally resolved to improve my health and stopped drinking coffee all together. I tried many alternative drinks to replace my coffee habit. I found that green tea was not only good tasting it also has health benefits. Green tea is one of the few drinks that actually makes you healthier (coffe and other drinks do not) - the only healthier drink is quality cold water. In my opinion, for the price, Royal King 100% Natural Organic Green Tea is one of the best tasting teas. This green tea has a beautiful golden color, the taste is bright and fresh. I recommend adding a tiny amount of Y.S. Organic Bee Farms RAW HONEY to the tea to add sweetness and health benefits too. I also give myself a treat once in a while by having a much more expense tea (Tribute Xi Hu Long Jing) but this fantastic tea is not practical for me to drink as my every day tea (although I would if I could afford it).
Cons: On my latest shipment the package shown on the Amazon page is different than the one shipped. The one shipped displays ""NATURALLY HIGH IN POLYPHENOL CATECHINS"" (a key contributive element to the possible health effects of tea), whereas the Amazon package displays ""CAFFENE FREE"". So I am not sure if this green tea is Caffene free or not. The other con is that sometimes the tea bag rips open when I unwrap the string from around the tea bag. So if the string seems stuck to the tea bag I put the bag in the hot water to unstick it."
B0037LW78C,AWNANZ5VUO7IB,5,"this has to be one of the best teas I have ever tasted... it's clean, bright, fresh...
great delivery...again quality... just try it..."
B0037LW78C,A1Q4PJXI5HS5WT,5,"I love, love this green tea. It is very hard to find in our area and some places on the internet charge a big price and I usually don't get as many boxes as I did with this merchant. I will definitely order from this seller again!! Thanks!! I depend on my green tea fix everyday!"
B0037LW78C,A2IX1B76ONTXEL,5,I love this tea. It helps curb my eating during the day. My Mom and I have given it all friends to try.
B0026Y3YBK,A3P60QLFDDCHOY,5,"I'm Italian and I lived in Italy for years. I used to buy these cookies for my everyday breakfast with an Italian espresso. I couldn't find them anywhere here in the Bay area, so it's great to have them again."
B0026Y3YBK,A38BUM0OXH38VK,5,"In the 1980s I spent several summers in Italy. This biscotti is often given as a breakfast food or mid-day snack. They are simple and delicious and were not sold in the US back then. They are so good that I brought back two bags from a recent trip to Italy. It is great to see that they may now be found on Amazon!
Note: it is great to open a bag, smell the contents, pour a glass of milk, then dip the Macines in the milk. Great routine and treat for kids!"
B003SE19UK,AD1WWGMEQ8FWW,5,"I had heard a little about this product from the local pet store, then tried a small bag for our 2 cats of about 3 and 6 years respectively. The female, younger one took to it right away, and the older male, who was unfortunately weaned on the junk cat food with all the corn meal and etc... in it, and would usually refuse a diet change, actually liked it too. The older male is overweight and we were trying to switch him to soft food on the doctor's request, but he totally refused it. He is a posh cat after all. He still consumes too many calories, the fatty, but at least I know he's eating good food. Of course, I know this product seems to cost more than most other feline food on the market, but I just can't see feeding our animals the lousy alternatives that are out there, marketed as being healthy. Why do commercials show cats eating a vegetarian diet which is mostly corn meal? Is that right? I'll stay with this for now, but stay tuned.
I'm updating this review after 9 months of using this cat food for our two cats. I upgraded the stars from 4 to 5 as it really has been a good food for the two of them. Garfield still eats a little too much, but he's just a big cat who doesn't exercise much, let's face it. Our female cat will be 4 years old in a couple months and she's so healthy. She's tiny, but happy and agile. I tried the chicken version of Holistic Select, but Garfield seemd to miss this sardine version so we went back to this one. I've ordered the duck version and will update this once they try it."
B003SE19UK,A2PM49X61MWZJV,5,"I started buying this after I noticed my 1 year old cat was already starting to lose his ""spunk"" so I decided it was time to start buying him ""real"" cat food...not the garbage in the super markets. I found this at the pet store out of the other million choices, and I'm sure there are other brands that are just as good but this is the one I went with to try first and it was a great purchase. My cat has been on this for the past 8 months and he's now just has active as he was when he was a kitten and his coat has became sooo soft. Mainly, he loved the taste even more! I highly recommend this brand to all my friends and family for their animals!"
B003SE19UK,A3A52DETIFZNZS,5,"I have done a lot of research to find the best food for my cat, and this is an excellent food. That is also according to my holistic veterinarian. They put probiotics on the kibble as the last step, which is very important to me. The best thing is that my cat loved it immediately and I had to stop mixing it with the old food because she only would eat Holistic Select."
B003SE19UK,A3L15C30CBPZOR,5,This cat food was recommended by my vet because my 13 year old Cleo Cat was having trouble keeping any food down and was loosing weight. It stopped her problems. She doesn't eat as much as before since she seems to be more satisfied after eating which helps justify the added price. It aids in digestion since the...ok sorry...smells are gone if ya know what I mean. Had to add that so anyone experiencing problems with their cats can see there are a lot of benifits from this cat food.
B003SE19UK,A29SUR9R8ZU54B,5,"I have a 4 year old male cat who has chronic urinary tract infections. I feed him this dry food in combination with wet food (with water added to it) and Uri Ease. The combination seems to keeps his UTI's under control. If I switch to another type of dry food, his UTI gets worse. The other cats seem to enjoy this food as well. It's expensive but it seems to be the best solution for me."
B003SE19UK,A9GRWS6KP8SMA,5,"Before I was educated about feline nutrition, I allowed my cats to become addicted to dry cat food. I always offered both canned and dry, but wish I would have fed them premium quality canned food and limited dry food. I have two 15 year old cats and two 5 year old cats. The only good quality dry foods they will eat are Wellness and Innova. Innova's manufacturer was recently purchased by Procter&Gamble. I began looking for a replacement. After once again offering several samples (from my local holistic pet store) Holistic Select was the only one (other than the usual Wellness and Innova) they would eat. For finicky cats, I recommend trying Holistic Select. It is a good quality food that is very palatable for finicky eaters."
B003SE19UK,ASOEVZ99YWPVL,5,"My holistic vet recommended this, along with a few other brands. We tried them all, but my cats prefer this (especially the sardine version). The best part is their coats are so soft and clean and their eyes are so clear. AND (and I don't want to be rude, so I'll say this as delicately as I can) their waste is far less odorous than cats who eat the McDonalds junk found in most stores, which is a definite plus for me! The health benefits are so obvious - I highly recommend Holistic Select!"
B003SE19UK,A1QAJ948PN36II,5,"One of my cats is allergic to fish and beef. This formula is one of the few she can eat, and it has much better ingredients than the prescription diets available at the vet. Both of my kitties are very active, have soft shiny fur, and neither are fat. Dry food reduces tartar buildup on teeth, also."
B003SE19UK,A1LWFJRITZLYUG,5,Our cats thrive extremely well on this dry cat food. They definitely have much less hair ball throw ups and their fur is great. They are fit and not over weight. This vendor ships extremely fast. Is one of the top Amazon suppliers in our book!
B003OB0IB8,A34UG2TNXIL0Y,4,"I've been a fan of Hot & Spicy Maruchan Ramen for a long time. If you enjoy spice, and love ramen, you'll love this product. Too bad it's way too expensive here on Amazon. It's only $3.36 per 12 at my Walmart."
B003OB0IB8,A3NVZTGPORNPRW,5,"I've been eating Ramen noodles since I was a little kid, and I've never found a better flavor than Hot & Spicy Chicken! It isn't hot at all to a chilihead like me, but it sure is good!"
B003OB0IB8,A28D854VMOEHGX,3,"I LOVE spicy ramen, but for whatever reasons this thing burns my stomach badly and the burning sensation doesn't go away for like 3 hours! Not sure if that is healthy or not .... and you can buy this at Walmart for $0.28, way cheaper than Amazon."
B003OB0IB8,AISIYS3D2EAOX,5,"Always being a fan of ramen as a quick and easy meal, finding it on amazon for a decent price and having it delivered to your door by the case is an amazing situation for anyone to find themselves in."
B003OB0IB8,A2DLRG3YX6A2ZU,2,"I must be a bit of a wuss, because this soup tastes to me how I imagine fire might taste. Typically I like spicy food if it has a good flavor. I don't find this to be the case with this soup. Any flavor is killed off by the burn."
B003OB0IB8,A56HS2VNURVJ0,5,I really loved the spicy flavor these had. I found myself liking the broth more than the noodles which is usually the opposite. If you aren't used to the heat this might bother you and if you like hot hot foods this might not be enough.
B003OB0IB8,AOTEC8KEH8JGN,5,"Got these on sale for roughly 25 cents per cup, which is half the price of my local grocery stores, plus they rarely stock the spicy flavors. These things are a GREAT snack for my office where time is constantly crunched and sometimes you can't escape for a real meal. This is one of my favorite flavors of Instant Lunch and will be back to buy every time it goes on sale."
B003OB0IB8,A1D0URD0AL237J,5,i have bought allot of different flavors and this happens to be one of my favorites and will be getting more soon
B003OB0IB8,A2BZNXMV0LC7OE,4,"I love this flavor of ramen! I don't eat other flavors anymore because they taste too bland by comparison. For the convenience of having it delivered to my home (I have prime, so I get it in two days and don't have to pay for the shipping), the price on amazon isn't bad at all, but it is still cheaper to run down and pick up a case of this at the grocery store."
B002SRYRE8,A198FU6P1BVUNZ,5,"The BEST investment I've ever made for ginger. It's unbelievable! It's fibrous like the real ginger, has that spicy kick to it, but it's perfect with the sugar - calms it down. It's very worth the $40 for 5lbs of it! I'll be getting more soon - I use these as a topper for my ginger cupcakes and cookies :)"
B002SRYRE8,A21E0OJ4DSKXNA,5,Delicious. I cannot get Australian ginger where I live. This compares favorably to Australian Ginger I've purchased in other cities. Now I can enjoy it without traveling.
B002SRYRE8,A1FJJQA34W0F4K,5,"I keep trying other brands.... cheaper brands. Stupid me! This ginger IS soooo worth the money. Tender, moist and never a let down."
B002SRYRE8,A20PK3OCKRRSA5,5,"My son has had acid reflux since birth and has been on every medication available with no improvement, Until an older gentleman came into his work place and told him about this product and I automatically ordered it for him. I was really not expecting any better results than the 1000 other things we have tried. What a surprise! He has not had any heartburn or symptoms since day 2 of starting eating one piece of this Ginger each morning. He can now eat anything and actually enjoy it. This product was a God send for him. Thank you all for it!"
B001GVISJW,ARS5Q7LR6HWPG,4,I bought this for our office to give people something sweet to snack on. Because it's bite size it's easier for people to grab a couple a pieces rather than an entire licorice stick. My only complaint is that one of the bags broke open in shipping.
B001GVISJW,A2YIO225BTKVPU,4,"Twizzlers brand licorice is much better than that other well known brand.
If you can get these for $2 to $2.50 a package with free s/h it's a good deal.
The black and cherry have good taste; but the strawberry taste was too delicate and barely there"
B001GVISJW,A1ROND7G1QTOFY,5,"I love these.........very tasty!!!!!!!!!!! Infact, I think I am addicted to them.
Buying them in packs of 6 bags - is very reasonable than going to Target and getting a bag. Savings are about a $1.00 a bag. I use subscribe and save on these and several other product. I love subscribe and save!!!!!!!!!!!"
B001GVISJW,A1Z54EM24Y40LL,5,"If you are looking for a less messy version of licorice for the children, then be sure to try these! They're soft, easy to chew, and they don't get your hands all sticky and gross in the car, in the summer, at the beach, etc. We love all the flavos and sometimes mix these in with the chocolate to have a very nice snack! Great item, great price too, highly recommend!"
B001GVISJW,A281387UUS2IN5,3,"I might be mistaken, but it appears that the pieces in this bag were reduced in size. If they did do that, it was doubtlessly done to make it appear that the buyer got a better deal, having so many pieces after all. The problem is that the pieces have to be a certain size in order to have enough flavor for your eating experience. As it is, you have to use 2 or 3 pieces to match the old piece size; it is not the same."
B0017I8UME,A2NH6XPAZG881D,5,"Being a fan of Newman's Pineapple salsa for quite a while, I was looking for a comparable salsa. This is one of the best tasting salsas I've ever had. My daughters love it too. They don't like super chunky salsa and the Berry Mango has a nice smooth texture with small mango pieces. The salsa is not too sweet, just sweet enough and although it's mild, it has a nice little kick to it. At this price, it's a steal!"
B0017I8UME,AKX0RW482WAFD,2,"The SALSA smelled delicious, as I think it probably was - but, unfortunately, the person, at AMAZON, that is a packer (there is probably several) had very little ""stuffing"" to work with, especially on the bottoms. Therefore, the bottoms were broken on all three bottles. As I reached for my computer; I was told NO RETURNS (cause it's a food item). I then looked for a CUSTOMER SERVICE tag; and I found ""none"" on their NEW FACE LIFT. THEY SEEM TO BE PROUD OF THEIR NEW FACE LIFT BUT...THEY SHOULD AT LEAST HAVE A PLACE TO CONTACT THEM IN EMERGENCIES! LIKE: I BUY A LOT OF ""STUFF"" AND IT ALL COMES IN STYROFOAM BOXES. NEVER WOULD I SHIP THINGS
ESPECIALLY SALSA - IN A CARDBOARD BOX WITH JUST A STRIPE OF LARGE BUBBLE WRAP ON IT. NO MATTER HOW MUCH THE CARRIER (FED EX) IS CAREFUL, IT'S GOING TO BREAK SOMEWHERE ALONG THE LINE. ESPECIALLY IN AN ALL GLASS CONTAINER! BARBARA L. S."
B0017I8UME,ATBE88PKKQTRA,5,This is one of the best salsas that I have found in a long time but stay away from the variety pack. The other two that come with it are not worth your money.
B0064KU9HO,AJFIH0DZYJF7T,3,These remind me of dog treats I made once using pumpkin and cinnamon. They're kind of bland and not my favorite Back To Nature product. But my finace really loves them so that's where the three stars come from.
B0037ZFEW4,ABTKZKAWOK4DC,5,"This is the best cornmeal. I made regular cornbread and hot water cornbread with this meal and both were outstanding. Also fried some oysters with this meal, it gave them a great texture and flovor."
B00374XSVY,AC567LXSKDNC1,5,"This is a fabulous marinade! I love to use it for chicken, either baked in the oven OR on the grill. This has enough flavor & flair, I've even used it for dinner parties, only to receive rave reviews from my guests!! DEFINITELY worth the price! Super cheap and super easy! Love it!"
B00374XSVY,A2PW7DRW757OL0,5,Works with chicken fish beef or pork. Fast easy and makes it taste excellent. Plus buying in bulk is more than 50% off from box stores
B005P0HHGK,AISCBGJRPPZ5G,4,Got this for my brother who is on Jorge Cruise diet and decided to try one for myself. It actually tastes pretty good.
B002HQAXUW,A17ESTP5T7T1PH,1,"These singles sell for $2.50 - $3.36 at the store for 1 box of 24 singles. I'm not sure why Amazon is selling it for $9.99 for a box of 24 singles. Hazelnut coffee creamer is my favorite, but truly this is not a good buy."
B000SV90J8,A1CY94Z8YWQV12,5,AWESOME!!! such a yummy flavor I got it as a healthy alternative to the desserts we normally eat and I am so glad that I did there are so many things you can do with Jello desserts and still have them taste good and be good for you. I will definitentally be purchasing this product again the flavor was so wonderful.
B000SV90J8,A3OO3TXDSIJDHY,5,"I went to 4 grocery stores looking for this flavor of Jello for my green tomato jam recipe and finally found it here. This jello is wonderful! Evidently it's only carried in the stores during the summer but with harvest time in the Fall, I couldn't find it anywhere in town. This Jello tastes like watermelon and the jam recipe I made with it takes like watermelon jam! Great made as regular Jello too. Yummy!"
B0036VM05I,AUIVXYS8E4DEX,5,What a deal this is the healthiest salt you can use. This box should last our family the year no problem. Iodized sea salt will not raise your blood pressure as regular salt will.
B0036VM05I,A335SFRERY214N,5,"Perfect size sea salt for the table or the picnic basket. We love it. Shakes well, no clumping and flows freely."
B000ITVLE2,A3NID9D9WMIV01,5,"Length:: 0:26 Mins
The expiration date is 21 months from the day I bought this product. The tuna, tomato combination is delicious. This is one of the many items I re-order on Amazon every month or so.
edit: added a short video, so you see what this combination looks like.
I was wearing one of those headlamps, but I didn't do a good job focusing on the tuna.
I should film it over, but it doesn't look like many people view this product anyway."
B000ITVLE2,A395S4RA1X7BFB,5,I've never heard of the SAFCOL brand before but I was tired of only trying the typical pouches; Starkist and Chicken of the Sea. I was really surprised as I thought it was a bit better than the other brands and with less seasoning.
B000ITVLE2,ADL44P8Z4A3M5,5,"these are the best tasting tuna pack they make in my opinion - make a great on the go snack, and really satisfying with the tomato"
B000ITVLE2,A1K37I9HWF3SAI,3,"I have always purchased Star-Kist tuna but thought I would try this brand for a change of pace. The taste of the tuna was not pleasant, too much basil and other spices for me."
B000ITVLE2,A6Y8N2GHDH0ZO,4,"I'm not familiar with the Safcol brand but being a tuna addict, gave this a shot. The tuna tastes like it's good quality but I found the tomato basil flavor to be a bit bland. It's better than something plain but it didn't pack the punch I was hoping for. It's still a great option for a low calorie, low fat meal."
B000ITVLE2,A5X6PJANY4XW4,5,"I found it much tastier than the plain tuna pouches out there. Excellent quality, and no need to 'dress it up'.
I put it the micro on about 20% power for 1 minute and Shazam!
I believe a little heating brings out the flavor."
B000ITVLE2,ARTBQH9WOZTIV,1,Seriously this product was as tasteless as they come. There are much better tasting products out there but at 100 calories its better than a special k bar or cookie snack pack. You just have to season it or combine it with something else to share the flavor.
B003TQQKFQ,A2TUJ3MOKXZVYK,5,"I read about pomegranate molasses so I had to try it! I haven't made anything with it yet, just eaten a little bit at a time but WOW is it decadent! It's dark, syrupy, sour, and a little sweet. A dab of this and I forget about dessert. It's just a really unique flavor with a pleasing metallic undertone. Yum!! I'm going to try making fesenjan next :-)"
B003TQQKFQ,A2QHQM3HHFUSHG,5,"Used this in Moroccan recipes, as a syrup in a brilliant mixed beverage and as a swirled topping on sliced oranges soaked in orange water. Wonderful, wonderful stuff!"
B007B9J6G2,A34YK0ZTWOR858,1,"I don't know how long these sat on the back of a shelf somewhere, but they were so old that they wouldn't cook. I had to throw half of them out, because the skins were damaged, a clear sign of dried beans past their prime. I can't even return these or ask for a refund, because food is not returnable. Will find a different brand to use. For now, I have about fifty servings of beans to throw away."
B0064KO0BU,A34D61RQILOKIJ,1,"Besides being smaller than runts, they look the same and have the same consistency. Unfortunately, they taste nothing like banana runts...nor do they even taste good. Yucky stuff. Trying to return with vendor."
B0064KO0BU,AAV3AEI6YSYA2,3,"The item over all was fine, but the Banana Heads are not just like Banana Runts they are alot smaller. Also when I received the item, the packaging was not great. The Banana Heads had come open during shipping and were all over the packing envelope."
B0064KO0BU,A104Y49ZQ4CYJ2,5,"I purchased as a giveaway for a baby shower with Jungle theme! They worked out perfect for 25 small bags of candy. I purchased 5#. If you want more than 25 small bags, I would purchase a larger bag."
B001IUKD76,A2KVCXTQVN18KI,5,"I have drunk Ricore since my mother allowed be to drink caffeine. I love this stuff in milk.
It's much smoother and tastier than instant coffee with milk. I am French and live in the US,
and bring back boxes of Ricore at every opportunity. Savora is another hidden gem you can bring
back. Check it out."
B001IUKD76,A2K8UBI64T0BM8,5,"I first had this drink when my mother brought it back with her from a visit to her home in Brittany France and thought it was delicious! I wish it were a bit cheaper but other than that, I love this product!"
B0081XN2HQ,A3HUV0ZQPXO3V7,5,"I couldn't wait to try the 8″ Cinnamon Coffee Cake because it is made with fresh eggs, creamy sour cream, Madagascar Bourbon Vanilla and is topped and filled with cinnamon streusel. This 8″ Cinnamon Coffee Cake is available online for only $18.95. Now, I have had my fair share of cinnamon coffee cakes, but, let me just tell you that the FantasiCakes Cinnamon Coffee Cake really ""takes the cake"" with size, price, quality and taste.
The cake arrived very fast and was carefully packaged so that it arrived in almost perfect condition. It also comes with a large tub of white icing that you can drizzle over the top, before serving. I couldn't believe how large the size was and it actually fed my family of 5 for us to enjoy during breakfast, for three days. The cake itself is thick and almost has a solid but sponge cake type consistency that is really moist and very filling. The flavors are to die for with the sticky cinnamon outside and sweet cinnamon and vanilla swirled throughout the inside of the cake. The icing really tops it off beautifully and gives it that moist and sticky sweet flavor. Pair the cake with your morning coffee and you've got the perfect breakfast treat!"
B0025VRCJY,A3PPOTV6659ATF,4,I used to love these growing up and stopped drinking water and lemon juice from this brand about 5-6 years ago. This stuff used to be so strong i used to just pour some in my mouth and get that alive feeling going. It feels like the product went through changes which added more water or something to make it not so strong. The stronger it is the less you use as well. The product is still really good but the taste is the same quality as the cheaper brand names almost. I thought these would go fast but hey all lemon stuff i love unless it goes bad. This is a good product just wish it still had that hit me in the mouth chug sensation it used to be like.
B0025VRCJY,A2VYRRDJN2UKWB,5,"One of the best lemon juice that I have tried. I am recurring customer due to the high quality of this product. When the season for fresh lemos is out, this one supplement our need for the citrus on the kitchen or refreshments.
I will continue buying it."
B0025VRCJY,A2ACUGNVT36JYX,5,"This lemon juice is a must in my kitchen year-round. It has a powerful flavor and you don't need much of it to zest up a dish. I add a spritz of it to my water nearly every day.
I will buy this product again and again."
B0025VRCJY,A3F8JQ5J29GWUV,5,"Fast delivery and good product. This is the same lemon juice concentrate you can find in stores and it's really handy to have around to add to sauces, dressings, etc. Such a pain to squeeze fresh juice everytime you need it, nevermind having the lemons on hand to begin with."
B0025VRCJY,A3L9ZT7SRJYLVH,4,"This is not as good as the Frozen Lemon juice, but it is good. It has a slightly odd flavor, perhaps from a preservative. Sure wish I could order the frozen juice!"
B005CJVVJ8,A3O8ZE8BHREE0W,4,"Couldn't believe it when told how relaxing this beverage was. Seriously, drink it only if you are getting ready for a nap or bedtime. If you have plans to drive or perform any other activity not recommended.
I feel my arms and legs almost tingle with relaxation. After a short time my eyes start to get droopy and I am in another place.
Love this stuff."
B005CJVVJ8,A3BSTFFIKK5YTW,4,I bought these at Grocery Outlet here in the Seattle Tacoma are for $4.00 a case of tweleve not paying $38.00 Yes 3 for a dollar. I like the taste not great but not bad either low calorie will buy more but not at this whacked out price.
B005CJVVJ8,A3F44FUPG97AA9,5,"This is an great product. The taste is great, and it works exactly as described. Superb natural sleep aid. AMAZING!"
B005CJVVJ8,A1AL946PZ24084,3,"WE have been looking for ""natural"" ways to help us sleep since we always seem to be overloaded with stress and a busy schedule. Yes, we'd probably be better served taking a yoga class, but this is a good second choice. This helps you fall asleep and stay asleep. I drank half the first night and that was plenty for me. After about 30 minutes, I was ready for bed! I woke up refreshed and with no sleepy-drug hangover, so that is a huge bonus.
I gave the product 3 stars (instead of the 5 it deserves) as their packing job was marginal at best. The product arrived with 2 broken bottles, which at this price is a $6 loss! The bottles are glass and all they did was wrap one layer of the small-bubbled bubble wrap around the case and placed it in a larger box with extra room to move around in that box. Big packing fail, but the product is awesome."
B001KUUNP6,A262Z0S6PT9U16,5,"We made chocolate chip cookies with BRM Garbanzo Bean Flour and the results were fantastic! The brown sugar and chocolate mask any bean taste that other reviews have mentioned. Our friends couldn't discern any difference from classic CCCs. The texture, body, and elasticity (meaning reduced tendency to fall apart that occurs with most other gluten-free flours) is nice and chewy -- the same as CCCs made with regular flour. And an added bonus -- the high protein and fiber level (I calculate 2-3 g fiber/cookie) fills you up so that you are satisfied with smaller servings and the glycemic index is significantly lower.
I highly recommend this flour even if CCCs are the only thing you make with it."
B001KUUNP6,A317BY3IPZ83MJ,5,This is great stuff. Made some really tasty banana bread. Good quality and lowest price in town.
B001KUUNP6,A18VJ0WOQAIZYD,5,"We had trouble finding this locally - delivery was fast, no more hunting up and down the flour aisle at our local grocery stores."
B000NY8ODS,A1IU7S4HCK1XK0,5,"This packet of glaze is the secret to making those European style fresh fruit tarts. I am about to make one for a pie auction at church, after a friend requested that something ""strawberry"" should be offered. You can make the most amazing and relatively ""healthy"" fruit tarts by baking a base, layering it with uncooked, fresh, sliced fruit, then pouring over the made-up contents of one of these packets. They harden up at room temperature, hold the fruit together so you can slice the tart, and they let the beauty of the arranged fruit show through. I've also seen this glaze used over cheesecakes, to hold a fruit topping in place. Personally, I do not like cheesecake (too rich for me) but a fruit glazed cheesecake is gorgeous, I will admit. To do this, slice fruit and layer it on the cheesecake while it's still in the springform pan. Pour on the glaze, let it set up and then remove the springform. You'll have a clear layer of fruit on top of the cheesecake. Cherries, strawberries or sliced mangos are nice, but the best one I ever had used thin slices of lemons, that had been gently poached in sugar syrup before they were layered on the cake.
I use a base of sponge cake, baked in a shallow form, but other bases can be pate sucre (a kind of French pastry that is a bit like a sugar cookie) that works well in those fluted, straight-sided forms. You can also make mini-tarts in a muffin pan, pre-baking each mold with a layer of pie crust (even commercial crust works, though again, I prefer pate sucre, it holds its shape better and is more substantial and has a better crumb.) Just blind-bake the muffin tins lined with pate, then pop them out and fill with fresh fruits (berries are great) and pour over the glaze. Some people put a layer of creme patisserie, which is a pastry cream like custard but stabilized with flour, below the fruit and I happen to think these taste best.
If you get into baking, this glaze is a must-have on the shelf. The ingredients are vegan: tapioca starch, carrageenan, dextrose, cream of tartar, locust bean gum, so if you are looking to make a vegan tofu cheesecake, you can use this on top, as well as use it for fruit tarts with a nut crust base."
B00029XIZI,A2S72TUJDQUBMH,5,"My Scotties were full of hot spots and when I used this within a week all the hot spots were gone. The smell is kinda strong, but not bad. It's tolerablel."
B004V6AH34,ATX44LVZL5JFV,4,"I bought this coffee because its much cheaper than the ganocafe and has the organic reishi mushroom as well as other healthy antioxidants. I didn't expect it to taste good, but it actually does! I've only had it for a few days and for $5 its totally worth it. My sisters all take ganocafe but now I'm introducing them to this less expensive similar coffee. I will follow up on this product in a few weeks. :)"
B004V6AH34,A3AFVGFX175F9N,3,"The coffee is very finely processed and the flavor is just alright. Nescafe and Mount Hagen are better - I bought this to try something other than these two, but I probably won't get this again. There is just a slight ""vitaminy"" taste, but it's not overwhelming. It's also a bit pricey for what you get."
B004V6AH34,AXAJ1GHE97YE2,5,"This coffee is great because it's all organic ingredients! No pesticides to worry about, plus it tastes good, and you have the healing effects for ganoderma."
B004V6AH34,A3POAWC2JPQQQP,5,"Like the other people mentioned, this coffee has a great taste. I've tried different instant coffees before, but this one is one of the better ones. Another one of my favorites, if you want to try it out (though NOT organic), is 'Africafe pure instant coffee'"
B004V6AH34,AJZ2A9UOJK0RB,5,"Tastes great, and gives me energy without the jitters. Love this product.
However, I do wish it came in some sort of resealable jar or hard plastic container instead of a zip-lock pouch because the zip-lock ripped off and quit working after awhile. But the product is fantastic, just not crazy about the packaging."
B0028C44Z0,A19NGYCQ1NCF3W,5,"These little guys are tasty and refreshing.
I usually eat salads for lunch which can do terrible things to breath. I eat 2 of these after lunch (because they are so small) and I find this sufficiently resolves the problem.
They're sugar free (sugar can actually help the smelly bacteria grow) which is great and they're tasty enough that I almost think of them as part of my lunch.
This is a good bulk value buy and I'd highly recommend the mints themselves. Cheers!"
B0028C44Z0,A32DDKLY942A84,4,"I like these better than the regular Altoids, but they're even more costly, so you'd better like them."
B0028C44Z0,A3B6S35IUGOGW4,5,These little tins of sugar free mine mints were a great deal.There perfict for on the go.Fifty mints per tin is just the right amount to cary along.And there safer for your teeth than the ones with sugar.The price of twelve dollars was very resonable.Also there great for shareing.If you are looking for a mint try these ones.Youll be glad you did.
B0028C44Z0,AI7O5C9KBVSTF,5,"Pros:
+packaging, shipping, price
+sold about a year before its expiration date (enough for me to eat/share 9 boxes)
+not too ""fresh"" like the regular wintergreen and not in a powdery form. it's a real mint!
Cons: none!"
B0028C44Z0,A4LL4KXLRBQHQ,3,"Be careful not to eat too many of them in one day, as one of the chemicals in it is the same as that of a LAXATIVE!!! LOLOLOL!!!"
